time,rtt,loss,status
2026-05-12 15:07:25,0.7469654083251953,0,normal
2026-05-12 15:07:26,0.6287097930908203,0,normal
2026-05-12 15:07:27,1.199483871459961,0,normal
2026-05-12 15:07:28,1.1382102966308594,0,normal
2026-05-12 15:07:29,2.8183460235595703,0,normal
2026-05-12 15:07:30,1.64031982421875,0,normal
2026-05-12 15:07:31,0.9262561798095703,0,normal
2026-05-12 15:07:32,1.0304450988769531,0,normal
2026-05-12 15:07:33,1.7805099487304688,0,normal
2026-05-12 15:07:34,2.3005008697509766,0,normal
2026-05-12 15:07:35,1.3225078582763672,0,normal
2026-05-12 15:07:36,1.0650157928466797,0,normal
2026-05-12 15:07:37,1.241445541381836,0,normal
2026-05-12 15:07:38,1.2867450714111328,0,normal
2026-05-12 15:07:39,3.4279823303222656,0,normal
2026-05-12 15:07:40,1.6427040100097656,0,normal
2026-05-12 15:07:41,1.0967254638671875,0,normal
2026-05-12 15:07:42,1.7910003662109375,0,normal
2026-05-12 15:07:43,1.5766620635986328,0,normal
2026-05-12 15:07:55,1.363515853881836,0,normal
2026-05-12 15:07:56,2.529144287109375,0,normal
2026-05-12 15:07:57,0.8211135864257812,0,normal
2026-05-12 15:07:58,2.195596694946289,0,normal
2026-05-12 15:07:59,1.8711090087890625,0,normal
2026-05-12 15:08:00,1.6536712646484375,0,normal
2026-05-12 15:08:01,3.7980079650878906,0,normal
2026-05-12 15:08:02,0.5166530609130859,0,normal
2026-05-12 15:08:03,0.6439685821533203,0,normal
2026-05-12 15:08:04,2.7348995208740234,0,normal
2026-05-12 15:08:05,1.4908313751220703,0,normal
2026-05-12 15:08:06,1.3539791107177734,0,normal
2026-05-12 15:08:07,1.5022754669189453,0,normal
2026-05-12 15:08:08,1.5273094177246094,0,normal
2026-05-12 15:08:09,1.4121532440185547,0,normal
2026-05-12 15:08:10,1.2176036834716797,0,normal
2026-05-12 15:08:11,3.0083656311035156,0,normal
2026-05-12 15:08:12,1.2040138244628906,0,normal
2026-05-12 15:08:13,3.33404541015625,0,normal
2026-05-12 15:08:14,1.1780261993408203,0,normal
2026-05-12 15:08:15,0.9777545928955078,0,normal
2026-05-12 15:08:17,2.1965503692626953,0,normal
2026-05-12 15:08:18,0.9779930114746094,0,normal
2026-05-12 15:08:19,1.7161369323730469,0,normal
2026-05-12 15:08:20,0.6961822509765625,0,normal
2026-05-12 15:08:21,4.581451416015625,0,normal
2026-05-12 15:08:22,1.9268989562988281,0,normal
2026-05-12 15:08:23,4.176139831542969,0,normal
2026-05-12 15:08:24,5.206823348999023,0,normal
2026-05-12 15:08:25,0.8273124694824219,0,normal
2026-05-12 15:08:26,0.9653568267822266,0,normal
2026-05-12 15:08:27,1.1060237884521484,0,normal
2026-05-12 15:08:28,2.1762847900390625,0,normal
2026-05-12 15:08:29,1.3976097106933594,0,normal
2026-05-12 15:08:30,1.9257068634033203,0,normal
2026-05-12 15:08:31,0.6766319274902344,0,normal
2026-05-12 15:08:32,0.9400844573974609,0,normal
2026-05-12 15:08:33,0.6227493286132812,0,normal
2026-05-12 15:08:34,1.3687610626220703,0,normal
2026-05-12 15:08:35,1.3761520385742188,0,normal
2026-05-12 15:08:36,3.4286975860595703,0,normal
2026-05-12 15:08:37,1.4004707336425781,0,normal
2026-05-12 15:08:38,1.2314319610595703,0,normal
2026-05-12 15:08:39,1.5702247619628906,0,normal
2026-05-12 15:08:40,1.5156269073486328,0,normal
2026-05-12 15:08:41,1.6655921936035156,0,normal
2026-05-12 15:08:42,0.7605552673339844,0,normal
2026-05-12 15:08:43,3.4873485565185547,0,normal
2026-05-12 15:08:44,0.6418228149414062,0,normal
2026-05-12 15:08:45,1.2385845184326172,0,normal
2026-05-12 15:08:46,1.0552406311035156,0,normal
2026-05-12 15:08:47,1.100778579711914,0,normal
2026-05-12 15:08:48,1.9223690032958984,0,normal
2026-05-12 15:08:49,3.648519515991211,0,normal
2026-05-12 15:08:50,1.2006759643554688,0,normal
2026-05-12 15:08:51,1.1668205261230469,0,normal
2026-05-12 15:08:52,1.7848014831542969,0,normal
2026-05-12 15:08:53,1.0843276977539062,0,normal
2026-05-12 15:08:54,1.9373893737792969,0,normal
2026-05-12 15:08:55,3.6187171936035156,0,normal
2026-05-12 15:08:56,2.7074813842773438,0,normal
2026-05-12 15:08:57,1.19781494140625,0,normal
2026-05-12 15:08:58,1.6484260559082031,0,normal
2026-05-12 15:08:59,0.9672641754150391,0,normal
2026-05-12 15:09:00,1.6529560089111328,0,normal
2026-05-12 15:09:01,1.1684894561767578,0,normal
2026-05-12 15:09:02,1.9941329956054688,0,normal
2026-05-12 15:09:03,0.7855892181396484,0,normal
2026-05-12 15:09:04,9.6588134765625,0,normal
2026-05-12 15:09:05,0.8032321929931641,0,normal
2026-05-12 15:09:06,1.0819435119628906,0,normal
2026-05-12 15:09:07,0.5979537963867188,0,normal
2026-05-12 15:09:08,0.5695819854736328,0,normal
2026-05-12 15:09:09,1.0821819305419922,0,normal
2026-05-12 15:09:10,4.032135009765625,0,normal
2026-05-12 15:09:11,0.4298686981201172,0,normal
2026-05-12 15:09:12,4.428386688232422,0,normal
2026-05-12 15:09:13,0.8838176727294922,0,normal
2026-05-12 15:09:14,0.6613731384277344,0,normal
2026-05-12 15:09:15,0.4506111145019531,0,normal
2026-05-12 15:09:16,0.8077621459960938,0,normal
2026-05-12 15:09:17,1.0809898376464844,0,normal
2026-05-12 15:09:18,0.8118152618408203,0,normal
2026-05-12 15:09:19,2.413511276245117,0,normal
2026-05-12 15:09:20,1.2972354888916016,0,normal
2026-05-12 15:09:21,1.294851303100586,0,normal
2026-05-12 15:09:22,1.3058185577392578,0,normal
2026-05-12 15:09:23,1.7349720001220703,0,normal
2026-05-12 15:09:24,1.9347667694091797,0,normal
2026-05-12 15:09:25,1.3499259948730469,0,normal
2026-05-12 15:09:26,1.966714859008789,0,normal
2026-05-12 15:09:27,1.1141300201416016,0,normal
2026-05-12 15:09:28,1.0344982147216797,0,normal
2026-05-12 15:09:29,1.0840892791748047,0,normal
2026-05-12 15:09:30,6.161689758300781,0,normal
2026-05-12 15:09:31,2.5780200958251953,0,normal
2026-05-12 15:09:32,1.4345645904541016,0,normal
2026-05-12 15:09:33,0.8056163787841797,0,normal
2026-05-12 15:09:34,3.7794113159179688,0,normal
2026-05-12 15:09:35,1.7151832580566406,0,normal
2026-05-12 15:09:36,1.6021728515625,0,normal
2026-05-12 15:09:37,3.9491653442382812,0,normal
2026-05-12 15:09:38,3.609180450439453,0,normal
2026-05-12 15:09:39,1.3651847839355469,0,normal
2026-05-12 15:09:40,1.8649101257324219,0,normal
2026-05-12 15:09:41,1.1379718780517578,0,normal
2026-05-12 15:09:42,0.5795955657958984,0,normal
2026-05-12 15:09:43,2.045154571533203,0,normal
2026-05-12 15:09:44,1.096963882446289,0,normal
2026-05-12 15:09:45,2.3756027221679688,0,normal
2026-05-12 15:09:46,4.927873611450195,0,normal
2026-05-12 15:09:47,2.166748046875,0,normal
2026-05-12 15:09:48,0.9107589721679688,0,normal
2026-05-12 15:09:49,0.7343292236328125,0,normal
2026-05-12 15:09:50,0.8051395416259766,0,normal
2026-05-12 15:09:51,3.513813018798828,0,normal
2026-05-12 15:09:52,3.278493881225586,0,normal
2026-05-12 15:09:53,1.07574462890625,0,normal
2026-05-12 15:09:54,0.7810592651367188,0,normal
2026-05-12 15:09:55,1.2257099151611328,0,normal
2026-05-12 15:09:56,3.3795833587646484,0,normal
2026-05-12 15:09:57,4.079103469848633,0,normal
2026-05-12 15:09:58,1.2881755828857422,0,normal
2026-05-12 15:09:59,6.890058517456055,0,normal
2026-05-12 15:10:00,1.5082359313964844,0,normal
2026-05-12 15:10:01,1.0979175567626953,0,normal
2026-05-12 15:10:02,4.489660263061523,0,normal
2026-05-12 15:10:03,1.1744499206542969,0,normal
2026-05-12 15:10:04,1.5382766723632812,0,normal
2026-05-12 15:10:05,1.8744468688964844,0,normal
2026-05-12 15:10:06,1.0037422180175781,0,normal
2026-05-12 15:10:07,0.9949207305908203,0,normal
2026-05-12 15:10:08,1.5101432800292969,0,normal
2026-05-12 15:10:09,2.080202102661133,0,normal
2026-05-12 15:10:10,4.492998123168945,0,normal
2026-05-12 15:10:11,1.6851425170898438,0,normal
2026-05-12 15:10:12,0.5354881286621094,0,normal
2026-05-12 15:10:13,0.6859302520751953,0,normal
2026-05-12 15:10:14,2.2211074829101562,0,normal
2026-05-12 15:10:15,0.7371902465820312,0,normal
2026-05-12 15:10:16,1.224517822265625,0,normal
2026-05-12 15:10:17,2.8960704803466797,0,normal
2026-05-12 15:10:18,1.8279552459716797,0,normal
2026-05-12 15:10:19,1.3210773468017578,0,normal
2026-05-12 15:10:20,2.685546875,0,normal
2026-05-12 15:10:21,1.2493133544921875,0,normal
2026-05-12 15:10:22,0.93841552734375,0,normal
2026-05-12 15:10:23,2.38800048828125,0,normal
2026-05-12 15:10:24,2.0618438720703125,0,normal
2026-05-12 15:10:25,1.7919540405273438,0,normal
2026-05-12 15:10:26,0.9000301361083984,0,normal
2026-05-12 15:10:27,1.6186237335205078,0,normal
2026-05-12 15:10:28,0.8409023284912109,0,normal
2026-05-12 15:10:29,1.1515617370605469,0,normal
2026-05-12 15:10:30,5.6610107421875,0,normal
2026-05-12 15:10:31,1.7268657684326172,0,normal
2026-05-12 15:10:33,1.1532306671142578,0,normal
2026-05-12 15:10:34,1.1332035064697266,0,normal
2026-05-12 15:10:35,1.5673637390136719,0,normal
2026-05-12 15:10:36,3.19671630859375,0,normal
2026-05-12 15:10:37,7.348537445068359,0,normal
2026-05-12 15:10:38,1.9304752349853516,0,normal
2026-05-12 15:10:39,3.979206085205078,0,normal
2026-05-12 15:10:40,3.477334976196289,0,normal
2026-05-12 15:10:41,1.3794898986816406,0,normal
2026-05-12 15:10:42,0.8943080902099609,0,normal
2026-05-12 15:10:43,2.1719932556152344,0,normal
2026-05-12 15:10:44,1.3959407806396484,0,normal
2026-05-12 15:10:45,1.1138916015625,0,normal
2026-05-12 15:10:46,1.0061264038085938,0,normal
2026-05-12 15:10:47,3.686666488647461,0,normal
2026-05-12 15:10:48,3.062725067138672,0,normal
2026-05-12 15:10:49,0.6775856018066406,0,normal
2026-05-12 15:10:50,1.0559558868408203,0,normal
2026-05-12 15:10:51,3.5657882690429688,0,normal
2026-05-12 15:10:52,1.4922618865966797,0,normal
2026-05-12 15:10:53,3.315448760986328,0,normal
2026-05-12 15:10:54,2.620697021484375,0,normal
2026-05-12 15:10:55,1.310110092163086,0,normal
2026-05-12 15:10:56,1.5022754669189453,0,normal
2026-05-12 15:10:57,1.8057823181152344,0,normal
2026-05-12 15:10:58,2.0720958709716797,0,normal
2026-05-12 15:10:59,5.539417266845703,0,normal
2026-05-12 15:11:00,0.9279251098632812,0,normal
2026-05-12 15:11:01,4.557371139526367,0,normal
2026-05-12 15:11:02,1.0333061218261719,0,normal
2026-05-12 15:11:03,1.4345645904541016,0,normal
2026-05-12 15:11:04,1.7507076263427734,0,normal
2026-05-12 15:11:05,2.0904541015625,0,normal
2026-05-12 15:11:06,1.5940666198730469,0,normal
2026-05-12 15:11:07,2.371072769165039,0,normal
2026-05-12 15:11:08,1.7199516296386719,0,normal
2026-05-12 15:11:09,1.2519359588623047,0,normal
2026-05-12 15:11:10,0.8287429809570312,0,normal
2026-05-12 15:11:11,1.6646385192871094,0,normal
2026-05-12 15:11:12,1.5888214111328125,0,normal
2026-05-12 15:11:13,0.7448196411132812,0,normal
2026-05-12 15:11:14,1.7192363739013672,0,normal
2026-05-12 15:11:15,1.1105537414550781,0,normal
2026-05-12 15:11:16,1.415252685546875,0,normal
2026-05-12 15:11:17,1.2226104736328125,0,normal
2026-05-12 15:11:18,1.3020038604736328,0,normal
2026-05-12 15:11:19,1.4989376068115234,0,normal
2026-05-12 15:11:20,0.4508495330810547,0,normal
2026-05-12 15:11:21,1.5342235565185547,0,normal
2026-05-12 15:11:22,2.232789993286133,0,normal
2026-05-12 15:11:23,1.3098716735839844,0,normal
2026-05-12 15:11:24,1.1889934539794922,0,normal
2026-05-12 15:11:25,1.3959407806396484,0,normal
2026-05-12 15:11:26,2.0432472229003906,0,normal
2026-05-12 15:11:27,1.8222332000732422,0,normal
2026-05-12 15:11:28,2.2046566009521484,0,normal
2026-05-12 15:11:29,1.882791519165039,0,normal
2026-05-12 15:11:30,1.1146068572998047,0,normal
2026-05-12 15:11:31,1.0900497436523438,0,normal
2026-05-12 15:11:32,1.4109611511230469,0,normal
2026-05-12 15:11:33,1.0263919830322266,0,normal
2026-05-12 15:11:34,1.3115406036376953,0,normal
2026-05-12 15:11:35,1.1661052703857422,0,normal
2026-05-12 15:11:36,1.7535686492919922,0,normal
2026-05-12 15:11:37,1.6405582427978516,0,normal
2026-05-12 15:11:38,2.1147727966308594,0,normal
2026-05-12 15:11:39,2.5997161865234375,0,normal
2026-05-12 15:11:40,1.4832019805908203,0,normal
2026-05-12 15:11:41,0.4570484161376953,0,normal
2026-05-12 15:11:42,5.024433135986328,0,normal
2026-05-12 15:11:43,2.442598342895508,0,normal
2026-05-12 15:11:44,0.8552074432373047,0,normal
2026-05-12 15:11:45,1.9838809967041016,0,normal
2026-05-12 15:11:46,1.529693603515625,0,normal
2026-05-12 15:11:47,1.6722679138183594,0,normal
2026-05-12 15:11:48,1.0373592376708984,0,normal
2026-05-12 15:11:49,1.5802383422851562,0,normal
2026-05-12 15:11:50,1.9049644470214844,0,normal
2026-05-12 15:11:51,1.953125,0,normal
2026-05-12 15:11:52,1.4510154724121094,0,normal
2026-05-12 15:11:53,2.2325515747070312,0,normal
2026-05-12 15:11:54,3.4749507904052734,0,normal
2026-05-12 15:11:55,4.33349609375,0,normal
2026-05-12 15:11:56,1.2831687927246094,0,normal
2026-05-12 15:11:57,1.3835430145263672,0,normal
2026-05-12 15:11:58,5.270242691040039,0,normal
2026-05-12 15:11:59,1.5711784362792969,0,normal
2026-05-12 15:12:00,1.3041496276855469,0,normal
2026-05-12 15:12:01,2.043008804321289,0,normal
2026-05-12 15:12:02,3.011465072631836,0,normal
2026-05-12 15:12:03,1.9676685333251953,0,normal
2026-05-12 15:12:04,1.771688461303711,0,normal
2026-05-12 15:12:05,1.9462108612060547,0,normal
2026-05-12 15:12:06,2.5968551635742188,0,normal
2026-05-12 15:12:07,5.626201629638672,0,normal
2026-05-12 15:12:08,0.8482933044433594,0,normal
2026-05-12 15:12:09,0.8876323699951172,0,normal
2026-05-12 15:12:10,0.8180141448974609,0,normal
2026-05-12 15:12:11,1.5900135040283203,0,normal
2026-05-12 15:12:12,2.416372299194336,0,normal
2026-05-12 15:12:13,1.3079643249511719,0,normal
2026-05-12 15:12:14,2.596139907836914,0,normal
2026-05-12 15:12:15,2.4232864379882812,0,normal
2026-05-12 15:12:16,2.681255340576172,0,normal
2026-05-12 15:12:17,1.7504692077636719,0,normal
2026-05-12 15:12:18,4.1484832763671875,0,normal
2026-05-12 15:12:19,1.1713504791259766,0,normal
2026-05-12 15:12:20,1.191854476928711,0,normal
2026-05-12 15:12:21,1.5168190002441406,0,normal
2026-05-12 15:12:22,5.95855712890625,0,normal
2026-05-12 15:12:23,1.5997886657714844,0,normal
2026-05-12 15:12:24,1.5254020690917969,0,normal
2026-05-12 15:12:25,1.424551010131836,0,normal
2026-05-12 15:12:26,1.6202926635742188,0,normal
2026-05-12 15:12:27,1.1377334594726562,0,normal
2026-05-12 15:12:28,1.712799072265625,0,normal
2026-05-12 15:12:29,6.5135955810546875,0,normal
2026-05-12 15:12:30,1.7654895782470703,0,normal
2026-05-12 15:12:31,1.1570453643798828,0,normal
2026-05-12 15:12:32,1.0051727294921875,0,normal
2026-05-12 15:12:33,2.5246143341064453,0,normal
2026-05-12 15:12:34,0.6506443023681641,0,normal
2026-05-12 15:12:35,1.8432140350341797,0,normal
2026-05-12 15:12:36,2.0809173583984375,0,normal
2026-05-12 15:12:37,1.5697479248046875,0,normal
2026-05-12 15:12:38,1.306295394897461,0,normal
2026-05-12 15:12:39,1.585245132446289,0,normal
2026-05-12 15:12:40,1.7139911651611328,0,normal
2026-05-12 15:12:41,1.5211105346679688,0,normal
2026-05-12 15:12:42,1.0223388671875,0,normal
2026-05-12 15:12:43,1.4498233795166016,0,normal
2026-05-12 15:12:44,1.6400814056396484,0,normal
2026-05-12 15:12:45,2.3059844970703125,0,normal
2026-05-12 15:12:46,2.106189727783203,0,normal
2026-05-12 15:12:47,0.8304119110107422,0,normal
2026-05-12 15:12:48,4.598140716552734,0,normal
2026-05-12 15:12:49,0.7822513580322266,0,normal
2026-05-12 15:12:50,0.7903575897216797,0,normal
2026-05-12 15:12:51,0.8413791656494141,0,normal
2026-05-12 15:12:52,1.3048648834228516,0,normal
2026-05-12 15:12:53,1.0478496551513672,0,normal
2026-05-12 15:12:54,0.8955001831054688,0,normal
2026-05-12 15:12:55,1.043081283569336,0,normal
2026-05-12 15:12:56,1.6353130340576172,0,normal
2026-05-12 15:12:57,0.9584426879882812,0,normal
2026-05-12 15:12:58,3.2219886779785156,0,normal
2026-05-12 15:12:59,1.2278556823730469,0,normal
2026-05-12 15:13:00,2.276182174682617,0,normal
2026-05-12 15:13:01,2.1920204162597656,0,normal
2026-05-12 15:13:02,1.546621322631836,0,normal
2026-05-12 15:13:03,1.0166168212890625,0,normal
2026-05-12 15:13:04,1.0187625885009766,0,normal
2026-05-12 15:13:05,0.9303092956542969,0,normal
2026-05-12 15:13:06,0.7257461547851562,0,normal
2026-05-12 15:13:07,1.0135173797607422,0,normal
2026-05-12 15:13:08,0.5669593811035156,0,normal
2026-05-12 15:13:09,2.1147727966308594,0,normal
2026-05-12 15:13:10,1.4636516571044922,0,normal
2026-05-12 15:13:11,1.394033432006836,0,normal
2026-05-12 15:13:12,2.744913101196289,0,normal
2026-05-12 15:13:13,1.5616416931152344,0,normal
2026-05-12 15:13:14,1.2786388397216797,0,normal
2026-05-12 15:13:15,2.232789993286133,0,normal
2026-05-12 15:13:16,1.4011859893798828,0,normal
2026-05-12 15:13:17,1.4891624450683594,0,normal
2026-05-12 15:13:18,0.7441043853759766,0,normal
2026-05-12 15:13:19,5.159854888916016,0,normal
2026-05-12 15:13:20,1.756906509399414,0,normal
2026-05-12 15:13:21,1.1506080627441406,0,normal
2026-05-12 15:13:22,3.2935142517089844,0,normal
2026-05-12 15:13:23,1.4650821685791016,0,normal
2026-05-12 15:13:24,2.4824142456054688,0,normal
2026-05-12 15:13:25,7.301568984985352,0,normal
2026-05-12 15:13:26,1.905202865600586,0,normal
2026-05-12 15:13:27,1.6787052154541016,0,normal
2026-05-12 15:13:28,3.711223602294922,0,normal
2026-05-12 15:13:29,1.371145248413086,0,normal
2026-05-12 15:13:30,2.5823116302490234,0,normal
2026-05-12 15:13:31,1.4832019805908203,0,normal
2026-05-12 15:13:32,2.034902572631836,0,normal
2026-05-12 15:13:33,1.4369487762451172,0,normal
2026-05-12 15:13:34,5.852222442626953,0,normal
2026-05-12 15:13:35,1.3682842254638672,0,normal
2026-05-12 15:13:36,4.02522087097168,0,normal
2026-05-12 15:13:37,0.5350112915039062,0,normal
2026-05-12 15:13:38,4.205465316772461,0,normal
2026-05-12 15:13:39,3.1795501708984375,0,normal
2026-05-12 15:13:40,1.2378692626953125,0,normal
2026-05-12 15:13:41,0.8409023284912109,0,normal
2026-05-12 15:13:42,2.8510093688964844,0,normal
2026-05-12 15:13:43,1.8982887268066406,0,normal
2026-05-12 15:13:44,2.9489994049072266,0,normal
2026-05-12 15:13:45,1.5964508056640625,0,normal
2026-05-12 15:13:46,1.5666484832763672,0,normal
2026-05-12 15:13:47,3.6139488220214844,0,normal
2026-05-12 15:13:48,1.748800277709961,0,normal
2026-05-12 15:13:49,1.9419193267822266,0,normal
2026-05-12 15:13:50,1.9953250885009766,0,normal
2026-05-12 15:13:51,1.2357234954833984,0,normal
2026-05-12 15:13:52,2.0072460174560547,0,normal
2026-05-12 15:13:53,4.762887954711914,0,normal
2026-05-12 15:13:54,2.062082290649414,0,normal
2026-05-12 15:13:55,1.3692378997802734,0,normal
2026-05-12 15:13:56,2.3241043090820312,0,normal
2026-05-12 15:13:57,1.6977787017822266,0,normal
2026-05-12 15:13:58,1.848459243774414,0,normal
2026-05-12 15:13:59,1.184225082397461,0,normal
2026-05-12 15:14:00,1.0523796081542969,0,normal
2026-05-12 15:14:01,2.2673606872558594,0,normal
2026-05-12 15:14:02,3.3016204833984375,0,normal
2026-05-12 15:14:03,0.5249977111816406,0,normal
2026-05-12 15:14:04,0.67901611328125,0,normal
2026-05-12 15:14:05,0.5502700805664062,0,normal
2026-05-12 15:14:06,0.6372928619384766,0,normal
2026-05-12 15:14:07,0.8077621459960938,0,normal
2026-05-12 15:14:08,1.4383792877197266,0,normal
2026-05-12 15:14:09,3.4830570220947266,0,normal
2026-05-12 15:14:10,0.6382465362548828,0,normal
2026-05-12 15:14:11,1.6710758209228516,0,normal
2026-05-12 15:14:12,2.8002262115478516,0,normal
2026-05-12 15:14:13,1.4503002166748047,0,normal
2026-05-12 15:14:14,1.6052722930908203,0,normal
2026-05-12 15:14:15,3.086090087890625,0,normal
2026-05-12 15:14:16,1.495361328125,0,normal
2026-05-12 15:14:17,1.4002323150634766,0,normal
2026-05-12 15:14:18,2.088308334350586,0,normal
2026-05-12 15:14:19,0.514984130859375,0,normal
2026-05-12 15:14:20,0.5698204040527344,0,normal
2026-05-12 15:14:21,1.1970996856689453,0,normal
2026-05-12 15:14:22,1.0569095611572266,0,normal
2026-05-12 15:14:23,1.5327930450439453,0,normal
2026-05-12 15:14:24,14.838933944702148,0,normal
2026-05-12 15:14:25,1.5702247619628906,0,normal
2026-05-12 15:14:26,0.7376670837402344,0,normal
2026-05-12 15:14:27,2.599000930786133,0,normal
2026-05-12 15:14:28,3.791332244873047,0,normal
2026-05-12 15:14:29,2.0062923431396484,0,normal
2026-05-12 15:14:30,2.0499229431152344,0,normal
2026-05-12 15:14:31,5.724668502807617,0,normal
2026-05-12 15:14:32,1.2781620025634766,0,normal
2026-05-12 15:14:33,0.9045600891113281,0,normal
2026-05-12 15:14:34,1.1017322540283203,0,normal
2026-05-12 15:14:35,3.759622573852539,0,normal
2026-05-12 15:14:36,2.872943878173828,0,normal
2026-05-12 15:14:37,1.0561943054199219,0,normal
2026-05-12 15:14:38,1.1889934539794922,0,normal
2026-05-12 15:14:39,5.65338134765625,0,normal
2026-05-12 15:14:40,1.1358261108398438,0,normal
2026-05-12 15:14:41,0.8449554443359375,0,normal
2026-05-12 15:14:42,1.76239013671875,0,normal
2026-05-12 15:14:43,1.6384124755859375,0,normal
2026-05-12 15:14:44,3.363370895385742,0,normal
2026-05-12 15:14:45,1.1439323425292969,0,normal
2026-05-12 15:14:46,1.8720626831054688,0,normal
2026-05-12 15:14:47,1.6620159149169922,0,normal
2026-05-12 15:14:48,1.8053054809570312,0,normal
2026-05-12 15:14:49,1.4026165008544922,0,normal
2026-05-12 15:14:50,1.6758441925048828,0,normal
2026-05-12 15:14:51,0.48089027404785156,0,normal
2026-05-12 15:14:52,1.6803741455078125,0,normal
2026-05-12 15:14:53,1.4047622680664062,0,normal
2026-05-12 15:14:54,1.065969467163086,0,normal
2026-05-12 15:14:55,1.8777847290039062,0,normal
2026-05-12 15:14:56,1.230001449584961,0,normal
2026-05-12 15:14:57,1.4295578002929688,0,normal
2026-05-12 15:14:58,1.0678768157958984,0,normal
2026-05-12 15:15:00,1.0981559753417969,0,normal
2026-05-12 15:15:01,1.1019706726074219,0,normal
2026-05-12 15:15:02,37.538766860961914,0,normal
2026-05-12 15:15:03,2.729177474975586,0,normal
2026-05-12 15:15:04,4.193782806396484,0,normal
2026-05-12 15:15:05,1.2896060943603516,0,normal
2026-05-12 15:15:06,1.8155574798583984,0,normal
2026-05-12 15:15:07,2.153158187866211,0,normal
2026-05-12 15:15:08,2.664804458618164,0,normal
2026-05-12 15:15:09,1.4348030090332031,0,normal
2026-05-12 15:15:10,1.4483928680419922,0,normal
2026-05-12 15:15:11,1.7135143280029297,0,normal
2026-05-12 15:15:12,0.9510517120361328,0,normal
2026-05-12 15:15:13,1.1432170867919922,0,normal
2026-05-12 15:15:14,1.2671947479248047,0,normal
2026-05-12 15:15:15,2.9692649841308594,0,normal
2026-05-12 15:15:16,1.2965202331542969,0,normal
2026-05-12 15:15:17,0.8845329284667969,0,normal
2026-05-12 15:15:18,1.8699169158935547,0,normal
2026-05-12 15:15:19,0.911712646484375,0,normal
2026-05-12 15:15:20,1.7516613006591797,0,normal
2026-05-12 15:15:21,4.150390625,0,normal
2026-05-12 15:15:22,1.3015270233154297,0,normal
2026-05-12 15:15:23,1.4042854309082031,0,normal
2026-05-12 15:15:24,1.6732215881347656,0,normal
2026-05-12 15:15:25,1.3036727905273438,0,normal
2026-05-12 15:15:26,0.6477832794189453,0,normal
2026-05-12 15:15:27,1.6431808471679688,0,normal
2026-05-12 15:15:28,0.9226799011230469,0,normal
2026-05-12 15:15:29,3.2334327697753906,0,normal
2026-05-12 15:15:30,1.1861324310302734,0,normal
2026-05-12 15:15:31,2.256631851196289,0,normal
2026-05-12 15:15:32,1.5821456909179688,0,normal
2026-05-12 15:15:33,2.323150634765625,0,normal
2026-05-12 15:15:34,1.394510269165039,0,normal
2026-05-12 15:15:35,1.5883445739746094,0,normal
2026-05-12 15:15:36,1.0759830474853516,0,normal
2026-05-12 15:15:37,2.9611587524414062,0,normal
2026-05-12 15:15:38,3.049612045288086,0,normal
2026-05-12 15:15:39,3.077983856201172,0,normal
2026-05-12 15:15:40,4.06336784362793,0,normal
2026-05-12 15:15:41,2.5606155395507812,0,normal
2026-05-12 15:15:42,1.2018680572509766,0,normal
2026-05-12 15:15:43,1.6121864318847656,0,normal
2026-05-12 15:15:44,2.233743667602539,0,normal
2026-05-12 15:15:45,1.077890396118164,0,normal
2026-05-12 15:15:46,2.1452903747558594,0,normal
2026-05-12 15:15:47,4.026651382446289,0,normal
2026-05-12 15:15:48,3.27301025390625,0,normal
2026-05-12 15:15:49,1.1713504791259766,0,normal
2026-05-12 15:15:50,1.1627674102783203,0,normal
2026-05-12 15:15:51,3.8378238677978516,0,normal
2026-05-12 15:15:52,1.4057159423828125,0,normal
2026-05-12 15:15:53,1.6946792602539062,0,normal
2026-05-12 15:15:54,1.1272430419921875,0,normal
2026-05-12 15:15:55,2.1965503692626953,0,normal
2026-05-12 15:15:56,2.685546875,0,normal
2026-05-12 15:15:57,1.2803077697753906,0,normal
2026-05-12 15:15:58,1.4271736145019531,0,normal
2026-05-12 15:15:59,2.0644664764404297,0,normal
2026-05-12 15:16:00,1.1873245239257812,0,normal
2026-05-12 15:16:01,0.44155120849609375,0,normal
2026-05-12 15:16:02,3.069162368774414,0,normal
2026-05-12 15:16:03,1.8260478973388672,0,normal
2026-05-12 15:16:04,1.2760162353515625,0,normal
2026-05-12 15:16:05,1.18255615234375,0,normal
2026-05-12 15:16:06,0.9710788726806641,0,normal
2026-05-12 15:16:07,1.9795894622802734,0,normal
2026-05-12 15:16:08,2.585172653198242,0,normal
2026-05-12 15:16:09,1.0161399841308594,0,normal
2026-05-12 15:16:10,1.4157295227050781,0,normal
2026-05-12 15:16:11,3.1435489654541016,0,normal
2026-05-12 15:16:12,1.0638236999511719,0,normal
2026-05-12 15:16:13,2.1097660064697266,0,normal
2026-05-12 15:16:14,2.8018951416015625,0,normal
2026-05-12 15:16:15,1.7817020416259766,0,normal
2026-05-12 15:16:16,1.1734962463378906,0,normal
2026-05-12 15:16:17,1.4278888702392578,0,normal
2026-05-12 15:16:18,2.5866031646728516,0,normal
2026-05-12 15:16:19,1.4226436614990234,0,normal
2026-05-12 15:16:20,1.1105537414550781,0,normal
2026-05-12 15:16:21,3.851652145385742,0,normal
2026-05-12 15:16:22,1.5799999237060547,0,normal
2026-05-12 15:16:23,1.7039775848388672,0,normal
2026-05-12 15:16:24,2.6557445526123047,0,normal
2026-05-12 15:16:25,1.1487007141113281,0,normal
2026-05-12 15:16:26,1.4100074768066406,0,normal
2026-05-12 15:16:27,0.6880760192871094,0,normal
2026-05-12 15:16:28,2.117633819580078,0,normal
2026-05-12 15:16:29,0.8792877197265625,0,normal
2026-05-12 15:16:30,1.3015270233154297,0,normal
2026-05-12 15:16:31,1.726388931274414,0,normal
2026-05-12 15:16:32,0.8776187896728516,0,normal
2026-05-12 15:16:33,7.330656051635742,0,normal
2026-05-12 15:16:34,14.580249786376953,0,normal
2026-05-12 15:16:35,0.499725341796875,0,normal
2026-05-12 15:16:36,1.085519790649414,0,normal
2026-05-12 15:16:37,0.8797645568847656,0,normal
2026-05-12 15:16:38,1.2128353118896484,0,normal
2026-05-12 15:16:39,1.1560916900634766,0,normal
2026-05-12 15:16:40,1.4901161193847656,0,normal
2026-05-12 15:16:41,3.338336944580078,0,normal
2026-05-12 15:16:42,1.2693405151367188,0,normal
2026-05-12 15:16:43,1.9567012786865234,0,normal
2026-05-12 15:16:44,1.9445419311523438,0,normal
2026-05-12 15:16:45,3.0782222747802734,0,normal
2026-05-12 15:16:46,0.7612705230712891,0,normal
2026-05-12 15:16:47,3.957509994506836,0,normal
2026-05-12 15:16:48,1.7082691192626953,0,normal
2026-05-12 15:16:49,1.7676353454589844,0,normal
2026-05-12 15:16:50,1.4958381652832031,0,normal
2026-05-12 15:16:51,2.2275447845458984,0,normal
2026-05-12 15:16:52,0.9522438049316406,0,normal
2026-05-12 15:16:53,1.3260841369628906,0,normal
2026-05-12 15:16:54,1.0528564453125,0,normal
2026-05-12 15:16:55,30.42316436767578,0,normal
2026-05-12 15:16:56,1.4073848724365234,0,normal
2026-05-12 15:16:57,1.392364501953125,0,normal
2026-05-12 15:16:58,0.9751319885253906,0,normal
2026-05-12 15:16:59,1.1916160583496094,0,normal
2026-05-12 15:17:00,1.2094974517822266,0,normal
2026-05-12 15:17:01,3.8564205169677734,0,normal
2026-05-12 15:17:02,1.7764568328857422,0,normal
2026-05-12 15:17:03,0.9627342224121094,0,normal
2026-05-12 15:17:04,0.6108283996582031,0,normal
2026-05-12 15:17:05,0.9641647338867188,0,normal
2026-05-12 15:17:06,0.6628036499023438,0,normal
2026-05-12 15:17:07,2.2623538970947266,0,normal
2026-05-12 15:17:08,0.7176399230957031,0,normal
2026-05-12 15:17:09,0.7538795471191406,0,normal
2026-05-12 15:17:10,1.1653900146484375,0,normal
2026-05-12 15:17:11,0.9772777557373047,0,normal
2026-05-12 15:17:12,0.7555484771728516,0,normal
2026-05-12 15:17:13,0.9088516235351562,0,normal
2026-05-12 15:17:14,1.0259151458740234,0,normal
2026-05-12 15:17:15,0.8885860443115234,0,normal
2026-05-12 15:17:16,0.7524490356445312,0,normal
2026-05-12 15:17:17,0.8194446563720703,0,normal
2026-05-12 15:17:18,0.6277561187744141,0,normal
2026-05-12 15:17:19,0.7150173187255859,0,normal
2026-05-12 15:17:20,0.8411407470703125,0,normal
2026-05-12 15:17:21,0.4622936248779297,0,normal
2026-05-12 15:17:22,0.6182193756103516,0,normal
2026-05-12 15:17:23,0.8392333984375,0,normal
2026-05-12 15:17:24,0.4382133483886719,0,normal
2026-05-12 15:17:25,0.8416175842285156,0,normal
2026-05-12 15:17:26,0.6210803985595703,0,normal
2026-05-12 15:17:27,0.7395744323730469,0,normal
2026-05-12 15:17:28,0.5168914794921875,0,normal
2026-05-12 15:17:29,0.7336139678955078,0,normal
2026-05-12 15:17:30,0.8940696716308594,0,normal
2026-05-12 15:17:31,1.0519027709960938,0,normal
2026-05-12 15:17:32,0.9267330169677734,0,normal
2026-05-12 15:17:33,1.1792182922363281,0,normal
2026-05-12 15:17:34,0.6220340728759766,0,normal
2026-05-12 15:17:35,2.611398696899414,0,normal
2026-05-12 15:17:36,1.985788345336914,0,normal
2026-05-12 15:17:37,0.5962848663330078,0,normal
2026-05-12 15:17:38,0.6754398345947266,0,normal
2026-05-12 15:17:39,0.4947185516357422,0,normal
2026-05-12 15:17:40,1.1060237884521484,0,normal
2026-05-12 15:17:41,3.983020782470703,0,normal
2026-05-12 15:17:42,0.63323974609375,0,normal
2026-05-12 15:17:43,0.6253719329833984,0,normal
2026-05-12 15:17:44,0.6613731384277344,0,normal
2026-05-12 15:17:45,1.0461807250976562,0,normal
2026-05-12 15:17:46,0.8146762847900391,0,normal
2026-05-12 15:17:47,0.431060791015625,0,normal
2026-05-12 15:17:48,1.0733604431152344,0,normal
2026-05-12 15:17:49,0.44417381286621094,0,normal
2026-05-12 15:17:50,1.0709762573242188,0,normal
2026-05-12 15:17:51,2.0325183868408203,0,normal
2026-05-12 15:17:52,0.5180835723876953,0,normal
2026-05-12 15:22:29,404.3560028076172,0,normal
2026-05-12 15:22:31,407.14120864868164,0,normal
2026-05-12 15:22:32,406.52990341186523,0,normal
2026-05-12 15:22:34,406.2459468841553,0,normal
2026-05-12 15:22:35,404.20007705688477,0,normal
2026-05-12 15:22:36,404.6957492828369,0,normal
2026-05-12 15:22:38,404.7989845275879,0,normal
2026-05-12 15:22:39,404.2491912841797,0,normal
2026-05-12 15:22:41,403.40352058410645,0,normal
2026-05-12 15:22:42,404.771089553833,0,normal
2026-05-12 15:22:43,403.20706367492676,0,normal
2026-05-12 15:22:45,402.8952121734619,0,normal
2026-05-12 15:22:46,406.862735748291,0,normal
2026-05-12 15:22:48,403.95379066467285,0,normal
2026-05-12 15:22:49,404.3083190917969,0,normal
2026-05-12 15:22:50,404.7365188598633,0,normal
2026-05-12 15:22:52,406.4745903015137,0,normal
2026-05-12 15:22:53,403.1364917755127,0,normal
2026-05-12 15:22:55,403.1341075897217,0,normal
2026-05-12 15:22:56,405.9593677520752,0,normal
2026-05-12 15:22:57,404.7532081604004,0,normal
2026-05-12 15:22:59,403.9175510406494,0,normal
2026-05-12 15:23:00,405.1327705383301,0,normal
2026-05-12 15:23:02,404.0095806121826,0,normal
2026-05-12 15:23:03,405.40266036987305,0,normal
2026-05-12 15:23:04,406.4915180206299,0,normal
2026-05-12 15:23:06,404.14881706237793,0,normal
2026-05-12 15:23:07,403.7942886352539,0,normal
2026-05-12 15:23:09,405.17568588256836,0,normal
2026-05-12 15:23:10,404.5426845550537,0,normal
2026-05-12 15:23:11,403.33008766174316,0,normal
2026-05-12 15:23:13,405.8356285095215,0,normal
2026-05-12 15:23:14,403.7802219390869,0,normal
2026-05-12 15:23:16,404.73055839538574,0,normal
2026-05-12 15:23:17,402.8921127319336,0,normal
2026-05-12 15:23:19,403.47766876220703,0,normal
2026-05-12 15:23:20,407.41682052612305,0,normal
2026-05-12 15:23:21,407.29594230651855,0,normal
2026-05-12 15:23:23,404.2978286743164,0,normal
2026-05-12 15:23:24,413.73181343078613,0,normal
2026-05-12 15:23:26,403.195858001709,0,normal
2026-05-12 15:23:27,404.2057991027832,0,normal
2026-05-12 15:23:28,405.23290634155273,0,normal
2026-05-12 15:23:30,407.27877616882324,0,normal
2026-05-12 15:23:31,407.67908096313477,0,normal
2026-05-12 15:23:33,403.5172462463379,0,normal
2026-05-12 15:23:34,407.886266708374,0,normal
2026-05-12 15:23:35,403.66649627685547,0,normal
2026-05-12 15:23:37,404.1552543640137,0,normal
2026-05-12 15:23:38,404.6328067779541,0,normal
2026-05-12 15:23:40,404.30402755737305,0,normal
2026-05-12 15:23:41,403.70726585388184,0,normal
2026-05-12 15:23:42,406.33487701416016,0,normal
2026-05-12 15:23:44,404.22534942626953,0,normal
2026-05-12 15:23:45,402.9829502105713,0,normal
2026-05-12 15:23:47,405.30943870544434,0,normal
2026-05-12 15:23:48,404.832124710083,0,normal
2026-05-12 15:23:49,403.86247634887695,0,normal
2026-05-12 15:23:51,404.32214736938477,0,normal
2026-05-12 15:23:52,402.9862880706787,0,normal
2026-05-12 15:23:54,404.8500061035156,0,normal
2026-05-12 15:23:55,403.96738052368164,0,normal
2026-05-12 15:23:56,405.1809310913086,0,normal
2026-05-12 15:23:58,405.0171375274658,0,normal
2026-05-12 15:23:59,404.45446968078613,0,normal
2026-05-12 15:24:01,404.94751930236816,0,normal
2026-05-12 15:24:02,403.6576747894287,0,normal
2026-05-12 15:24:04,403.63240242004395,0,normal
2026-05-12 15:24:05,404.67023849487305,0,normal
2026-05-12 15:24:06,406.9375991821289,0,normal
2026-05-12 15:24:08,404.21342849731445,0,normal
2026-05-12 15:24:09,403.064489364624,0,normal
2026-05-12 15:24:11,405.7145118713379,0,normal
2026-05-12 15:24:12,405.93624114990234,0,normal
2026-05-12 15:24:13,404.8902988433838,0,normal
2026-05-12 15:24:15,403.3169746398926,0,normal
2026-05-12 15:24:16,406.42333030700684,0,normal
2026-05-12 15:24:18,404.3142795562744,0,normal
2026-05-12 15:24:19,405.64727783203125,0,normal
2026-05-12 15:24:20,404.6366214752197,0,normal
2026-05-12 15:24:22,402.8160572052002,0,normal
2026-05-12 15:24:23,403.9902687072754,0,normal
2026-05-12 15:24:25,405.8668613433838,0,normal
2026-05-12 15:24:26,403.5465717315674,0,normal
2026-05-12 15:24:27,404.72984313964844,0,normal
2026-05-12 15:24:29,407.2380065917969,0,normal
2026-05-12 15:24:30,404.83689308166504,0,normal
2026-05-12 15:24:32,404.4642448425293,0,normal
2026-05-12 15:24:33,405.1516056060791,0,normal
2026-05-12 15:24:34,406.01611137390137,0,normal
2026-05-12 15:24:36,405.72500228881836,0,normal
2026-05-12 15:24:37,404.44207191467285,0,normal
2026-05-12 15:24:39,404.3755531311035,0,normal
2026-05-12 15:24:40,405.1074981689453,0,normal
2026-05-12 15:24:42,404.77609634399414,0,normal
2026-05-12 15:24:43,404.58154678344727,0,normal
2026-05-12 15:24:44,403.8581848144531,0,normal
2026-05-12 15:24:46,405.6529998779297,0,normal
2026-05-12 15:24:47,404.9947261810303,0,normal
2026-05-12 15:24:49,405.4388999938965,0,normal
2026-05-12 15:24:50,405.06768226623535,0,normal
2026-05-12 15:24:51,405.1840305328369,0,normal
2026-05-12 15:24:53,404.31714057922363,0,normal
2026-05-12 15:24:54,404.1290283203125,0,normal
2026-05-12 15:24:56,403.592586517334,0,normal
2026-05-12 15:24:57,403.4905433654785,0,normal
2026-05-12 15:24:58,403.16009521484375,0,normal
2026-05-12 15:25:00,403.8577079772949,0,normal
2026-05-12 15:25:01,403.7437438964844,0,normal
2026-05-12 15:25:03,416.29576683044434,0,normal
2026-05-12 15:25:04,404.376745223999,0,normal
2026-05-12 15:25:05,402.9059410095215,0,normal
2026-05-12 15:25:07,404.1180610656738,0,normal
2026-05-12 15:25:08,402.83870697021484,0,normal
2026-05-12 15:25:10,415.32182693481445,0,normal
2026-05-12 15:25:11,404.3114185333252,0,normal
2026-05-12 15:25:12,403.89418601989746,0,normal
2026-05-12 15:25:14,407.00674057006836,0,normal
2026-05-12 15:25:15,405.9906005859375,0,normal
2026-05-12 15:25:17,404.465913772583,0,normal
2026-05-12 15:25:18,406.2972068786621,0,normal
2026-05-12 15:25:19,406.0697555541992,0,normal
2026-05-12 15:25:21,403.8691520690918,0,normal
2026-05-12 15:25:22,404.3858051300049,0,normal
2026-05-12 15:25:24,404.89673614501953,0,normal
2026-05-12 15:25:25,404.7377109527588,0,normal
2026-05-12 15:25:27,406.1627388000488,0,normal
2026-05-12 15:25:28,405.9622287750244,0,normal
2026-05-12 15:25:29,404.8488140106201,0,normal
2026-05-12 15:25:31,409.747838973999,0,normal
2026-05-12 15:25:32,406.66651725769043,0,normal
2026-05-12 15:25:34,404.73389625549316,0,normal
2026-05-12 15:25:35,403.489351272583,0,normal
2026-05-12 15:25:36,404.4041633605957,0,normal
2026-05-12 15:25:38,403.3946990966797,0,normal
2026-05-12 15:25:39,403.2940864562988,0,normal
2026-05-12 15:25:41,405.2550792694092,0,normal
2026-05-12 15:25:42,405.5168628692627,0,normal
2026-05-12 15:25:43,403.8434028625488,0,normal
2026-05-12 15:25:45,405.05027770996094,0,normal
2026-05-12 15:25:46,405.1516056060791,0,normal
2026-05-12 15:25:48,404.0088653564453,0,normal
2026-05-12 15:25:49,404.782772064209,0,normal
2026-05-12 15:25:50,443.35412979125977,0,normal
2026-05-12 15:25:52,403.4566879272461,0,normal
2026-05-12 15:25:53,403.17368507385254,0,normal
2026-05-12 15:25:55,403.9034843444824,0,normal
2026-05-12 15:25:56,402.19879150390625,0,normal
2026-05-12 15:25:57,401.949405670166,0,normal
2026-05-12 15:25:59,404.65760231018066,0,normal
2026-05-12 15:26:00,406.3761234283447,0,normal
2026-05-12 15:26:02,403.4445285797119,0,normal
2026-05-12 15:26:03,423.8851070404053,0,normal
2026-05-12 15:26:05,403.3644199371338,0,normal
2026-05-12 15:26:06,403.3939838409424,0,normal
2026-05-12 15:26:07,404.0086269378662,0,normal
2026-05-12 15:26:09,404.1895866394043,0,normal
2026-05-12 15:26:10,404.5143127441406,0,normal
2026-05-12 15:26:12,403.83219718933105,0,normal
2026-05-12 15:26:13,403.59997749328613,0,normal
2026-05-12 15:26:14,404.20985221862793,0,normal
2026-05-12 15:26:16,404.7713279724121,0,normal
2026-05-12 15:26:17,403.83291244506836,0,normal
2026-05-12 15:26:19,404.04796600341797,0,normal
2026-05-12 15:26:20,406.41117095947266,0,normal
2026-05-12 15:26:21,404.86860275268555,0,normal
2026-05-12 15:26:23,407.24682807922363,0,normal
2026-05-12 15:26:24,407.70721435546875,0,normal
2026-05-12 15:26:26,405.02405166625977,0,normal
2026-05-12 15:26:27,406.3906669616699,0,normal
2026-05-12 15:26:28,404.2479991912842,0,normal
2026-05-12 15:26:30,404.7880172729492,0,normal
2026-05-12 15:26:31,404.40964698791504,0,normal
2026-05-12 15:26:33,406.7237377166748,0,normal
2026-05-12 15:26:34,404.79302406311035,0,normal
2026-05-12 15:26:35,403.9580821990967,0,normal
2026-05-12 15:26:37,402.8756618499756,0,normal
2026-05-12 15:26:38,404.80589866638184,0,normal
2026-05-12 15:26:40,405.81655502319336,0,normal
2026-05-12 15:26:41,403.8891792297363,0,normal
2026-05-12 15:26:43,405.1685333251953,0,normal
2026-05-12 15:26:44,405.1661491394043,0,normal
2026-05-12 15:26:45,405.4739475250244,0,normal
2026-05-12 15:26:47,404.01482582092285,0,normal
2026-05-12 15:26:48,403.79786491394043,0,normal
2026-05-12 15:26:50,402.9519557952881,0,normal
2026-05-12 15:26:51,403.52869033813477,0,normal
2026-05-12 15:26:52,405.1997661590576,0,normal
2026-05-12 15:26:54,404.9875736236572,0,normal
2026-05-12 15:26:55,404.0544033050537,0,normal
2026-05-12 15:26:57,408.1747531890869,0,normal
2026-05-12 15:26:58,404.4649600982666,0,normal
2026-05-12 15:26:59,405.7044982910156,0,normal
2026-05-12 15:27:01,405.7040214538574,0,normal
2026-05-12 15:27:02,407.1354866027832,0,normal
2026-05-12 15:27:04,404.39820289611816,0,normal
2026-05-12 15:27:05,405.1659107208252,0,normal
2026-05-12 15:27:06,405.41553497314453,0,normal
2026-05-12 15:27:08,405.75361251831055,0,normal
2026-05-12 15:27:09,405.2436351776123,0,normal
2026-05-12 15:27:11,406.47196769714355,0,normal
2026-05-12 15:27:12,403.9440155029297,0,normal
2026-05-12 15:27:13,404.8290252685547,0,normal
2026-05-12 15:27:15,403.75566482543945,0,normal
2026-05-12 15:27:16,403.12695503234863,0,normal
2026-05-12 15:27:18,406.7251682281494,0,normal
2026-05-12 15:27:19,404.5681953430176,0,normal
2026-05-12 15:27:21,404.3393135070801,0,normal
2026-05-12 15:27:22,404.7269821166992,0,normal
2026-05-12 15:27:23,404.7811031341553,0,normal
2026-05-12 15:27:25,403.09834480285645,0,normal
2026-05-12 15:27:26,405.4591655731201,0,normal
2026-05-12 15:27:28,402.4381637573242,0,normal
2026-05-12 15:27:29,402.9254913330078,0,normal
2026-05-12 15:27:40,404.6804904937744,0,normal
2026-05-12 15:27:41,406.05902671813965,0,normal
2026-05-12 15:27:42,404.53052520751953,0,normal
2026-05-12 15:27:44,403.1078815460205,0,normal
2026-05-12 15:27:45,405.40003776550293,0,normal
2026-05-12 15:27:47,405.0867557525635,0,normal
2026-05-12 15:27:48,404.8888683319092,0,normal
2026-05-12 15:27:49,414.9351119995117,0,normal
2026-05-12 15:27:51,403.0499458312988,0,normal
2026-05-12 15:27:52,403.7365913391113,0,normal
2026-05-12 15:27:54,405.0734043121338,0,normal
2026-05-12 15:27:55,403.3186435699463,0,normal
2026-05-12 15:27:56,405.02119064331055,0,normal
2026-05-12 15:27:58,403.3176898956299,0,normal
2026-05-12 15:27:59,403.0582904815674,0,normal
2026-05-12 15:28:01,403.4440517425537,0,normal
2026-05-12 15:28:02,404.15167808532715,0,normal
2026-05-12 15:28:03,404.9367904663086,0,normal
2026-05-12 15:28:05,404.59322929382324,0,normal
2026-05-12 15:28:06,403.61881256103516,0,normal
2026-05-12 15:28:08,403.1670093536377,0,normal
2026-05-12 15:28:09,403.62000465393066,0,normal
2026-05-12 15:28:11,403.50890159606934,0,normal
2026-05-12 15:28:12,404.7708511352539,0,normal
2026-05-12 15:28:13,403.69176864624023,0,normal
2026-05-12 15:28:15,402.9200077056885,0,normal
2026-05-12 15:28:16,404.99281883239746,0,normal
2026-05-12 15:28:18,403.53846549987793,0,normal
2026-05-12 15:28:19,403.6903381347656,0,normal
2026-05-12 15:28:20,403.2769203186035,0,normal
2026-05-12 15:28:22,405.55644035339355,0,normal
2026-05-12 15:28:23,408.1118106842041,0,normal
2026-05-12 15:28:25,405.5624008178711,0,normal
2026-05-12 15:28:26,404.1571617126465,0,normal
2026-05-12 15:28:27,406.13842010498047,0,normal
2026-05-12 15:28:29,403.3651351928711,0,normal
2026-05-12 15:28:30,403.4082889556885,0,normal
2026-05-12 15:28:32,402.4176597595215,0,normal
2026-05-12 15:28:33,403.81336212158203,0,normal
2026-05-12 15:28:34,419.96049880981445,0,normal
2026-05-12 15:28:36,404.677152633667,0,normal
2026-05-12 15:28:37,404.451847076416,0,normal
2026-05-12 15:28:39,406.7389965057373,0,normal
2026-05-12 15:28:40,403.2022953033447,0,normal
2026-05-12 15:28:41,404.5147895812988,0,normal
2026-05-12 15:28:43,405.0474166870117,0,normal
2026-05-12 15:28:44,405.19046783447266,0,normal
2026-05-12 15:28:46,404.48999404907227,0,normal
2026-05-12 15:28:47,404.3867588043213,0,normal
2026-05-12 15:28:49,405.44581413269043,0,normal
2026-05-12 15:28:50,404.41012382507324,0,normal
2026-05-12 15:28:51,404.18267250061035,0,normal
2026-05-12 15:28:53,404.6323299407959,0,normal
2026-05-12 15:28:54,404.5679569244385,0,normal
2026-05-12 15:28:56,406.7063331604004,0,normal
2026-05-12 15:28:57,404.74605560302734,0,normal
2026-05-12 15:28:58,403.68127822875977,0,normal
2026-05-12 15:29:00,404.7434329986572,0,normal
2026-05-12 15:29:01,403.1808376312256,0,normal
2026-05-12 15:29:03,402.7125835418701,0,normal
2026-05-12 15:29:04,404.6955108642578,0,normal
2026-05-12 15:29:05,403.60116958618164,0,normal
2026-05-12 15:29:07,403.9123058319092,0,normal
2026-05-12 15:29:08,403.57446670532227,0,normal
2026-05-12 15:29:10,402.5447368621826,0,normal
2026-05-12 15:29:11,404.585599899292,0,normal
2026-05-12 15:29:12,406.58020973205566,0,normal
2026-05-12 15:29:14,403.900146484375,0,normal
2026-05-12 15:29:15,404.3617248535156,0,normal
2026-05-12 15:29:17,404.50406074523926,0,normal
2026-05-12 15:29:18,404.41203117370605,0,normal
2026-05-12 15:29:19,404.4985771179199,0,normal
2026-05-12 15:29:21,414.57533836364746,0,normal
2026-05-12 15:29:22,405.91955184936523,0,normal
2026-05-12 15:29:24,407.2303771972656,0,normal
2026-05-12 15:29:25,405.9748649597168,0,normal
2026-05-12 15:29:27,406.2168598175049,0,normal
2026-05-12 15:29:28,402.3284912109375,0,normal
2026-05-12 15:29:29,403.00917625427246,0,normal
2026-05-12 15:29:31,406.2349796295166,0,normal
2026-05-12 15:29:32,403.4883975982666,0,normal
2026-05-12 15:29:34,406.4810276031494,0,normal
2026-05-12 15:29:35,403.1205177307129,0,normal
2026-05-12 15:29:36,404.1635990142822,0,normal
2026-05-12 15:29:38,406.48770332336426,0,normal
2026-05-12 15:29:39,403.5491943359375,0,normal
2026-05-12 15:29:41,403.49507331848145,0,normal
2026-05-12 15:29:42,405.02190589904785,0,normal
2026-05-12 15:29:43,404.83784675598145,0,normal
2026-05-12 15:29:45,405.67898750305176,0,normal
2026-05-12 15:29:46,403.6879539489746,0,normal
2026-05-12 15:29:48,402.76598930358887,0,normal
2026-05-12 15:29:49,405.40456771850586,0,normal
2026-05-12 15:29:50,403.78856658935547,0,normal
2026-05-12 15:29:52,403.1989574432373,0,normal
2026-05-12 15:29:53,402.92978286743164,0,normal
2026-05-12 15:29:55,403.0194282531738,0,normal
2026-05-12 15:29:56,402.74786949157715,0,normal
2026-05-12 15:29:57,403.2166004180908,0,normal
2026-05-12 15:29:59,404.72984313964844,0,normal
2026-05-12 15:30:00,403.7792682647705,0,normal
2026-05-12 15:30:02,423.3887195587158,0,normal
2026-05-12 15:30:03,404.4771194458008,0,normal
2026-05-12 15:30:04,403.34320068359375,0,normal
2026-05-12 15:30:06,404.7350883483887,0,normal
2026-05-12 15:30:07,403.5367965698242,0,normal
2026-05-12 15:30:09,405.3363800048828,0,normal
2026-05-12 15:30:10,404.27565574645996,0,normal
2026-05-12 15:30:12,405.06696701049805,0,normal
2026-05-12 15:30:13,406.4464569091797,0,normal
2026-05-12 15:30:14,405.89094161987305,0,normal
2026-05-12 15:30:16,409.63292121887207,0,normal
2026-05-12 15:30:17,404.41226959228516,0,normal
2026-05-12 15:30:19,403.8360118865967,0,normal
2026-05-12 15:30:20,404.24346923828125,0,normal
2026-05-12 15:30:21,403.564453125,0,normal
2026-05-12 15:30:23,404.6308994293213,0,normal
2026-05-12 15:30:24,403.775691986084,0,normal
2026-05-12 15:30:26,406.4288139343262,0,normal
2026-05-12 15:30:27,404.7131538391113,0,normal
2026-05-12 15:30:28,404.93249893188477,0,normal
2026-05-12 15:30:30,404.8001766204834,0,normal
2026-05-12 15:30:31,404.1023254394531,0,normal
2026-05-12 15:30:33,405.12704849243164,0,normal
2026-05-12 15:30:34,403.6853313446045,0,normal
2026-05-12 15:30:35,404.0367603302002,0,normal
2026-05-12 15:30:37,405.4300785064697,0,normal
2026-05-12 15:30:38,403.1186103820801,0,normal
2026-05-12 15:30:40,404.2391777038574,0,normal
2026-05-12 15:30:41,403.395414352417,0,normal
2026-05-12 15:30:42,403.49411964416504,0,normal
2026-05-12 15:30:44,403.5453796386719,0,normal
2026-05-12 15:30:45,405.059814453125,0,normal
2026-05-12 15:30:47,437.43276596069336,0,normal
2026-05-12 15:30:48,434.22770500183105,0,normal
2026-05-12 15:30:50,437.3929500579834,0,normal
2026-05-12 15:30:51,436.7396831512451,0,normal
2026-05-12 15:30:52,438.75885009765625,0,normal
2026-05-12 15:30:54,438.7626647949219,0,normal
2026-05-12 15:30:55,435.9016418457031,0,normal
2026-05-12 15:30:57,436.28430366516113,0,normal
2026-05-12 15:30:58,439.96572494506836,0,normal
2026-05-12 15:31:00,434.74459648132324,0,normal
2026-05-12 15:31:01,434.9544048309326,0,normal
2026-05-12 15:31:03,434.3860149383545,0,normal
2026-05-12 15:31:04,435.27936935424805,0,normal
2026-05-12 15:31:06,437.15715408325195,0,normal
2026-05-12 15:31:07,436.6497993469238,0,normal
2026-05-12 15:31:08,438.13538551330566,0,normal
2026-05-12 15:31:10,439.9428367614746,0,normal
2026-05-12 15:31:11,436.5959167480469,0,normal
2026-05-12 15:31:13,437.3297691345215,0,normal
2026-05-12 15:31:14,429.03637886047363,0,normal
2026-05-12 15:31:16,435.62936782836914,0,normal
2026-05-12 15:31:17,442.3849582672119,0,normal
2026-05-12 15:31:19,438.78793716430664,0,normal
2026-05-12 15:31:20,438.43626976013184,0,normal
2026-05-12 15:31:21,435.0101947784424,0,normal
2026-05-12 15:31:23,437.95037269592285,0,normal
2026-05-12 15:31:24,435.8828067779541,0,normal
2026-05-12 15:31:26,437.608003616333,0,normal
2026-05-12 15:31:27,435.0881576538086,0,normal
2026-05-12 15:31:29,436.66696548461914,0,normal
2026-05-12 15:31:30,436.8414878845215,0,normal
2026-05-12 15:31:32,434.0033531188965,0,normal
2026-05-12 15:31:33,440.6406879425049,0,normal
2026-05-12 15:31:34,403.4862518310547,0,normal
2026-05-12 15:31:36,404.89721298217773,0,normal
2026-05-12 15:31:37,403.7778377532959,0,normal
2026-05-12 15:31:39,408.34903717041016,0,normal
2026-05-12 15:31:40,402.85420417785645,0,normal
2026-05-12 15:31:41,405.4701328277588,0,normal
2026-05-12 15:31:43,438.15135955810547,0,normal
2026-05-12 15:31:44,444.1969394683838,0,normal
2026-05-12 15:31:46,419.48390007019043,0,normal
2026-05-12 15:31:47,435.2142810821533,0,normal
2026-05-12 15:31:49,437.4985694885254,0,normal
2026-05-12 15:31:50,438.3232593536377,0,normal
2026-05-12 15:31:52,434.3981742858887,0,normal
2026-05-12 15:31:53,436.7036819458008,0,normal
2026-05-12 15:31:55,434.78965759277344,0,normal
2026-05-12 15:31:56,440.6263828277588,0,normal
2026-05-12 15:31:57,433.87818336486816,0,normal
2026-05-12 15:31:59,434.35025215148926,0,normal
2026-05-12 15:32:00,438.0052089691162,0,normal
2026-05-12 15:32:02,437.8845691680908,0,normal
2026-05-12 15:32:03,435.5630874633789,0,normal
2026-05-12 15:32:05,437.53576278686523,0,normal
2026-05-12 15:32:06,436.9826316833496,0,normal
2026-05-12 15:32:08,436.5851879119873,0,normal
2026-05-12 15:32:09,437.00337409973145,0,normal
2026-05-12 15:32:10,435.44578552246094,0,normal
2026-05-12 15:32:12,434.5977306365967,0,normal
2026-05-12 15:32:13,440.4118061065674,0,normal
2026-05-12 15:32:15,436.96069717407227,0,normal
2026-05-12 15:32:16,437.8077983856201,0,normal
2026-05-12 15:32:18,431.63585662841797,0,normal
2026-05-12 15:32:19,431.0004711151123,0,normal
2026-05-12 15:32:21,434.7712993621826,0,normal
2026-05-12 15:32:22,437.35551834106445,0,normal
2026-05-12 15:32:23,437.9613399505615,0,normal
2026-05-12 15:32:25,436.66911125183105,0,normal
2026-05-12 15:32:26,435.413122177124,0,normal
2026-05-12 15:32:28,438.50016593933105,0,normal
2026-05-12 15:32:29,440.85025787353516,0,normal
2026-05-12 15:32:31,438.02618980407715,0,normal
2026-05-12 15:32:32,438.28701972961426,0,normal
2026-05-12 15:32:34,435.8344078063965,0,normal
2026-05-12 15:32:35,437.7331733703613,0,normal
2026-05-12 15:32:37,435.3170394897461,0,normal
2026-05-12 15:32:38,433.6109161376953,0,normal
2026-05-12 15:32:39,438.9164447784424,0,normal
2026-05-12 15:32:41,435.5897903442383,0,normal
2026-05-12 15:32:42,441.0817623138428,0,normal
2026-05-12 15:32:44,437.9258155822754,0,normal
2026-05-12 15:32:45,439.8787021636963,0,normal
2026-05-12 15:32:47,436.21087074279785,0,normal
2026-05-12 15:32:48,433.73870849609375,0,normal
2026-05-12 15:32:50,437.2973442077637,0,normal
2026-05-12 15:32:51,439.0523433685303,0,normal
2026-05-12 15:32:52,470.58653831481934,0,normal
2026-05-12 15:32:54,437.6659393310547,0,normal
2026-05-12 15:32:55,434.04245376586914,0,normal
2026-05-12 15:32:57,438.3234977722168,0,normal
2026-05-12 15:32:58,435.8839988708496,0,normal
2026-05-12 15:33:00,436.5272521972656,0,normal
2026-05-12 15:33:01,434.3869686126709,0,normal
2026-05-12 15:33:03,434.95655059814453,0,normal
2026-05-12 15:33:04,434.964656829834,0,normal
2026-05-12 15:33:06,436.22517585754395,0,normal
2026-05-12 15:33:07,432.6207637786865,0,normal
2026-05-12 15:33:08,445.4083442687988,0,normal
2026-05-12 15:33:10,438.30204010009766,0,normal
2026-05-12 15:33:11,437.5934600830078,0,normal
2026-05-12 15:33:13,444.42033767700195,0,normal
2026-05-12 15:33:14,436.24019622802734,0,normal
2026-05-12 15:33:16,437.8993511199951,0,normal
2026-05-12 15:33:17,442.1195983886719,0,normal
2026-05-12 15:33:19,436.4664554595947,0,normal
2026-05-12 15:33:20,442.7461624145508,0,normal
2026-05-12 15:33:21,434.0376853942871,0,normal
2026-05-12 15:33:23,435.66012382507324,0,normal
2026-05-12 15:33:24,435.1499080657959,0,normal
2026-05-12 15:33:26,437.0100498199463,0,normal
2026-05-12 15:33:27,440.12451171875,0,normal
2026-05-12 15:33:29,436.0671043395996,0,normal
2026-05-12 15:33:30,435.8210563659668,0,normal
2026-05-12 15:33:32,436.45787239074707,0,normal
2026-05-12 15:33:33,438.89880180358887,0,normal
2026-05-12 15:33:34,437.7937316894531,0,normal
2026-05-12 15:33:36,432.79123306274414,0,normal
2026-05-12 15:33:37,439.08023834228516,0,normal
2026-05-12 15:33:39,431.8246841430664,0,normal
2026-05-12 15:33:40,436.88392639160156,0,normal
2026-05-12 15:33:42,434.6170425415039,0,normal
2026-05-12 15:33:43,438.5256767272949,0,normal
2026-05-12 15:33:45,434.0329170227051,0,normal
2026-05-12 15:33:46,435.5149269104004,0,normal
2026-05-12 15:33:47,436.633825302124,0,normal
2026-05-12 15:33:49,438.7025833129883,0,normal
2026-05-12 15:33:50,423.490047454834,0,normal
2026-05-12 15:33:52,438.04359436035156,0,normal
2026-05-12 15:33:53,433.5160255432129,0,normal
2026-05-12 15:33:55,433.6726665496826,0,normal
2026-05-12 15:33:56,439.7697448730469,0,normal
2026-05-12 15:33:58,436.9783401489258,0,normal
2026-05-12 15:33:59,435.41932106018066,0,normal
2026-05-12 15:34:01,435.94908714294434,0,normal
2026-05-12 15:34:02,437.5624656677246,0,normal
2026-05-12 15:34:03,436.0694885253906,0,normal
2026-05-12 15:34:05,432.38329887390137,0,normal
2026-05-12 15:34:06,439.23497200012207,0,normal
2026-05-12 15:34:08,437.35671043395996,0,normal
2026-05-12 15:34:09,437.9575252532959,0,normal
2026-05-12 15:34:11,437.03603744506836,0,normal
2026-05-12 15:34:12,434.345006942749,0,normal
2026-05-12 15:34:14,436.0225200653076,0,normal
2026-05-12 15:34:15,434.9546432495117,0,normal
2026-05-12 15:34:16,437.8695487976074,0,normal
2026-05-12 15:34:18,438.77148628234863,0,normal
2026-05-12 15:34:19,435.6997013092041,0,normal
2026-05-12 15:34:21,441.35212898254395,0,normal
2026-05-12 15:34:22,437.27588653564453,0,normal
2026-05-12 15:34:24,433.6276054382324,0,normal
2026-05-12 15:34:25,433.8414669036865,0,normal
2026-05-12 15:34:27,434.0658187866211,0,normal
2026-05-12 15:34:28,439.4800662994385,0,normal
2026-05-12 15:34:29,421.2484359741211,0,normal
2026-05-12 15:34:31,439.5256042480469,0,normal
2026-05-12 15:34:32,434.7066879272461,0,normal
2026-05-12 15:34:34,442.31605529785156,0,normal
2026-05-12 15:34:35,439.3613338470459,0,normal
2026-05-12 15:34:37,432.5244426727295,0,normal
2026-05-12 15:34:38,437.0160102844238,0,normal
2026-05-12 15:34:40,431.0157299041748,0,normal
2026-05-12 15:34:41,437.666654586792,0,normal
2026-05-12 15:34:42,431.243896484375,0,normal
2026-05-12 15:34:44,434.978723526001,0,normal
2026-05-12 15:34:45,453.84979248046875,0,normal
2026-05-12 15:34:47,439.9595260620117,0,normal
2026-05-12 15:34:48,436.908483505249,0,normal
2026-05-12 15:34:50,434.0221881866455,0,normal
2026-05-12 15:34:51,435.67800521850586,0,normal
2026-05-12 15:34:53,436.8700981140137,0,normal
2026-05-12 15:34:54,439.6324157714844,0,normal
2026-05-12 15:34:56,434.62300300598145,0,normal
2026-05-12 15:34:57,440.62113761901855,0,normal
2026-05-12 15:34:58,441.0078525543213,0,normal
2026-05-12 15:35:00,434.88216400146484,0,normal
2026-05-12 15:35:01,438.0838871002197,0,normal
2026-05-12 15:35:03,437.15739250183105,0,normal
2026-05-12 15:35:04,434.57889556884766,0,normal
2026-05-12 15:35:06,438.27056884765625,0,normal
2026-05-12 15:35:07,442.4419403076172,0,normal
2026-05-12 15:35:09,440.08779525756836,0,normal
2026-05-12 15:35:10,435.7457160949707,0,normal
2026-05-12 15:35:11,439.1131401062012,0,normal
2026-05-12 15:35:13,437.30926513671875,0,normal
2026-05-12 15:35:14,439.08190727233887,0,normal
2026-05-12 15:35:16,439.4063949584961,0,normal
2026-05-12 15:35:17,435.0435733795166,0,normal
2026-05-12 15:35:19,437.98303604125977,0,normal
2026-05-12 15:35:20,437.1936321258545,0,normal
2026-05-12 15:35:22,433.6404800415039,0,normal
2026-05-12 15:35:23,435.99796295166016,0,normal
2026-05-12 15:35:25,436.6779327392578,0,normal
2026-05-12 15:35:26,431.99801445007324,0,normal
2026-05-12 15:35:27,437.15977668762207,0,normal
2026-05-12 15:35:29,433.3913326263428,0,normal
2026-05-12 15:35:30,441.61105155944824,0,normal
2026-05-12 15:35:32,434.11827087402344,0,normal
2026-05-12 15:35:33,435.73617935180664,0,normal
2026-05-12 15:35:35,436.91110610961914,0,normal
2026-05-12 15:35:36,435.5490207672119,0,normal
2026-05-12 15:35:38,437.2708797454834,0,normal
2026-05-12 15:35:39,437.9405975341797,0,normal
2026-05-12 15:35:40,434.33380126953125,0,normal
2026-05-12 15:35:42,435.9116554260254,0,normal
2026-05-12 15:35:43,436.053991317749,0,normal
2026-05-12 15:35:45,437.11042404174805,0,normal
2026-05-12 15:35:46,436.22303009033203,0,normal
2026-05-12 15:35:48,437.8376007080078,0,normal
2026-05-12 15:35:49,431.5335750579834,0,normal
2026-05-12 15:35:51,445.6043243408203,0,normal
2026-05-12 15:35:52,438.60650062561035,0,normal
2026-05-12 15:35:54,438.67969512939453,0,normal
2026-05-12 15:35:55,434.27228927612305,0,normal
2026-05-12 15:35:56,438.25721740722656,0,normal
2026-05-12 15:35:58,436.89775466918945,0,normal
2026-05-12 15:35:59,437.58249282836914,0,normal
2026-05-12 15:36:01,435.3318214416504,0,normal
2026-05-12 15:36:02,432.2340488433838,0,normal
2026-05-12 15:36:04,433.5777759552002,0,normal
2026-05-12 15:36:05,436.63477897644043,0,normal
2026-05-12 15:36:07,421.6310977935791,0,normal
2026-05-12 15:36:08,436.84935569763184,0,normal
2026-05-12 15:36:09,428.28869819641113,0,normal
2026-05-12 15:36:11,436.6769790649414,0,normal
2026-05-12 15:36:12,435.530424118042,0,normal
2026-05-12 15:36:14,440.2329921722412,0,normal
2026-05-12 15:36:15,422.27768898010254,0,normal
2026-05-12 15:36:17,435.54067611694336,0,normal
2026-05-12 15:36:18,437.1182918548584,0,normal
2026-05-12 15:36:20,435.8484745025635,0,normal
2026-05-12 15:36:21,437.6499652862549,0,normal
2026-05-12 15:36:22,433.63475799560547,0,normal
2026-05-12 15:36:24,430.9649467468262,0,normal
2026-05-12 15:36:25,439.73469734191895,0,normal
2026-05-12 15:36:27,436.56110763549805,0,normal
2026-05-12 15:36:28,442.2786235809326,0,normal
2026-05-12 15:36:30,436.18011474609375,0,normal
2026-05-12 15:36:31,437.00385093688965,0,normal
2026-05-12 15:36:33,434.3273639678955,0,normal
2026-05-12 15:36:34,438.8613700866699,0,normal
2026-05-12 15:36:35,434.2381954193115,0,normal
2026-05-12 15:36:37,436.59138679504395,0,normal
2026-05-12 15:36:38,436.22422218322754,0,normal
2026-05-12 15:36:40,434.0479373931885,0,normal
2026-05-12 15:36:41,434.3383312225342,0,normal
2026-05-12 15:36:43,436.2342357635498,0,normal
2026-05-12 15:36:44,440.2201175689697,0,normal
2026-05-12 15:36:46,439.84508514404297,0,normal
2026-05-12 15:36:47,437.2291564941406,0,normal
2026-05-12 15:36:48,435.3189468383789,0,normal
2026-05-12 15:36:50,439.1951560974121,0,normal
2026-05-12 15:36:51,441.2074089050293,0,normal
2026-05-12 15:36:53,438.10319900512695,0,normal
2026-05-12 15:36:54,436.36536598205566,0,normal
2026-05-12 15:36:56,436.15198135375977,0,normal
2026-05-12 15:36:57,438.1558895111084,0,normal
2026-05-12 15:36:59,433.9125156402588,0,normal
2026-05-12 15:37:00,437.5629425048828,0,normal
2026-05-12 15:37:02,433.7923526763916,0,normal
2026-05-12 15:37:03,434.49974060058594,0,normal
2026-05-12 15:37:04,437.39819526672363,0,normal
2026-05-12 15:37:06,440.2167797088623,0,normal
2026-05-12 15:37:07,440.05727767944336,0,normal
2026-05-12 15:37:09,432.5573444366455,0,normal
2026-05-12 15:37:10,442.71326065063477,0,normal
2026-05-12 15:37:12,432.9512119293213,0,normal
2026-05-12 15:37:13,443.68553161621094,0,normal
2026-05-12 15:37:15,441.56408309936523,0,normal
2026-05-12 15:37:16,441.0700798034668,0,normal
2026-05-12 15:37:17,436.23805046081543,0,normal
2026-05-12 15:37:19,433.0179691314697,0,normal
2026-05-12 15:37:20,436.72871589660645,0,normal
2026-05-12 15:37:22,437.80016899108887,0,normal
2026-05-12 15:37:23,440.1702880859375,0,normal
2026-05-12 15:37:25,437.40272521972656,0,normal
2026-05-12 15:37:26,438.52829933166504,0,normal
2026-05-12 15:37:28,436.5077018737793,0,normal
2026-05-12 15:37:29,437.29615211486816,0,normal
2026-05-12 15:37:30,435.83035469055176,0,normal
2026-05-12 15:37:32,436.474084854126,0,normal
2026-05-12 15:37:33,437.4349117279053,0,normal
2026-05-12 15:37:35,440.8259391784668,0,normal
2026-05-12 15:37:36,436.70201301574707,0,normal
2026-05-12 15:37:38,435.9617233276367,0,normal
2026-05-12 15:37:39,435.3492259979248,0,normal
2026-05-12 15:37:41,436.27333641052246,0,normal
2026-05-12 15:37:42,436.5847110748291,0,normal
2026-05-12 15:37:44,438.00902366638184,0,normal
2026-05-12 15:37:45,440.6135082244873,0,normal
2026-05-12 15:37:46,437.68930435180664,0,normal
2026-05-12 15:37:48,438.6601448059082,0,normal
2026-05-12 15:37:49,436.7973804473877,0,normal
2026-05-12 15:37:51,430.1741123199463,0,normal
2026-05-12 15:37:52,440.5369758605957,0,normal
2026-05-12 15:37:54,438.4887218475342,0,normal
2026-05-12 15:37:55,437.6983642578125,0,normal
2026-05-12 15:37:57,432.816743850708,0,normal
2026-05-12 15:37:58,437.26110458374023,0,normal
2026-05-12 15:37:59,439.7718906402588,0,normal
2026-05-12 15:38:01,435.85920333862305,0,normal
2026-05-12 15:38:02,437.9534721374512,0,normal
2026-05-12 15:38:04,431.1504364013672,0,normal
2026-05-12 15:38:05,435.7469081878662,0,normal
2026-05-12 15:38:07,435.6646537780762,0,normal
2026-05-12 15:38:08,436.6648197174072,0,normal
2026-05-12 15:38:10,437.0617866516113,0,normal
2026-05-12 15:38:11,436.1441135406494,0,normal
2026-05-12 15:38:13,437.56103515625,0,normal
2026-05-12 15:38:14,435.57286262512207,0,normal
2026-05-12 15:38:15,438.0173683166504,0,normal
2026-05-12 15:38:17,437.5638961791992,0,normal
2026-05-12 15:38:18,440.1977062225342,0,normal
2026-05-12 15:38:20,430.50384521484375,0,normal
2026-05-12 15:38:21,432.9798221588135,0,normal
2026-05-12 15:38:23,435.833215713501,0,normal
2026-05-12 15:38:24,436.6750717163086,0,normal
2026-05-12 15:38:26,437.57057189941406,0,normal
2026-05-12 15:38:27,437.33811378479004,0,normal
2026-05-12 15:38:28,427.97398567199707,0,normal
2026-05-12 15:38:30,438.22431564331055,0,normal
2026-05-12 15:38:31,437.410831451416,0,normal
2026-05-12 15:38:33,436.7218017578125,0,normal
2026-05-12 15:38:34,439.0878677368164,0,normal
2026-05-12 15:38:36,435.1341724395752,0,normal
2026-05-12 15:38:37,433.3367347717285,0,normal
2026-05-12 15:38:39,436.83362007141113,0,normal
2026-05-12 15:38:40,435.1825714111328,0,normal
2026-05-12 15:38:41,442.4018859863281,0,normal
2026-05-12 15:38:43,437.716007232666,0,normal
2026-05-12 15:38:44,439.3322467803955,0,normal
2026-05-12 15:38:46,440.7007694244385,0,normal
2026-05-12 15:38:47,437.45923042297363,0,normal
2026-05-12 15:38:49,435.1632595062256,0,normal
2026-05-12 15:38:50,437.4103546142578,0,normal
2026-05-12 15:38:52,437.20197677612305,0,normal
2026-05-12 15:38:53,438.1277561187744,0,normal
2026-05-12 15:38:54,432.27314949035645,0,normal
2026-05-12 15:38:56,435.98198890686035,0,normal
2026-05-12 15:38:57,437.68930435180664,0,normal
2026-05-12 15:38:59,437.0288848876953,0,normal
2026-05-12 15:39:00,438.78173828125,0,normal
2026-05-12 15:39:02,432.8427314758301,0,normal
2026-05-12 15:39:03,443.2501792907715,0,normal
2026-05-12 15:39:05,405.9929847717285,0,normal
2026-05-12 15:40:19,2006.0267448425293,0,normal
2026-05-12 15:40:22,2026.1600017547607,0,normal
2026-05-12 15:40:25,2033.5273742675781,0,normal
2026-05-12 15:40:28,2055.0854206085205,0,normal
2026-05-12 15:40:31,2041.9726371765137,0,normal
2026-05-12 15:40:35,2050.3575801849365,0,normal
2026-05-12 15:40:38,2045.644998550415,0,normal
2026-05-12 15:40:41,2058.6931705474854,0,normal
2026-05-12 15:40:44,2053.1671047210693,0,normal
2026-05-12 15:40:47,2056.6792488098145,0,normal
2026-05-12 15:40:50,2043.7767505645752,0,normal
2026-05-12 15:40:53,2039.7603511810303,0,normal
2026-05-12 15:40:56,2043.88427734375,0,normal
2026-05-12 15:40:59,2054.5756816864014,0,normal
2026-05-12 15:41:02,2061.758041381836,0,normal
2026-05-12 15:41:05,2058.7987899780273,0,normal
2026-05-12 15:41:08,2040.7540798187256,0,normal
2026-05-12 15:41:11,2059.8466396331787,0,normal
2026-05-12 15:41:14,2047.7702617645264,0,normal
2026-05-12 15:41:17,2058.40802192688,0,normal
2026-05-12 15:41:20,2030.9503078460693,0,normal
2026-05-12 15:41:24,2045.85599899292,0,normal
2026-05-12 15:41:27,2057.2845935821533,0,normal
2026-05-12 15:41:30,2044.9316501617432,0,normal
2026-05-12 15:41:33,2027.6820659637451,0,normal
2026-05-12 15:41:36,2036.8497371673584,0,normal
2026-05-12 15:41:39,2037.217378616333,0,normal
2026-05-12 15:41:42,2042.4959659576416,0,normal
2026-05-12 15:41:45,2055.833101272583,0,normal
2026-05-12 15:41:48,2017.770528793335,0,normal
2026-05-12 15:41:51,2029.1721820831299,0,normal
2026-05-12 15:41:54,2055.1483631134033,0,normal
2026-05-12 15:41:57,2039.9510860443115,0,normal
2026-05-12 15:42:00,2056.737184524536,0,normal
2026-05-12 15:42:03,2059.812307357788,0,normal
2026-05-12 15:42:06,2038.3875370025635,0,normal
2026-05-12 15:42:09,2035.2118015289307,0,normal
2026-05-12 15:42:12,2017.831563949585,0,normal
2026-05-12 15:42:15,2042.9699420928955,0,normal
2026-05-12 15:42:18,2046.7207431793213,0,normal
2026-05-12 15:42:22,2042.9327487945557,0,normal
2026-05-12 15:42:25,2031.3456058502197,0,normal
2026-05-12 15:42:28,2043.1275367736816,0,normal
2026-05-12 15:42:31,2050.10724067688,0,normal
2026-05-12 15:42:34,2047.4302768707275,0,normal
2026-05-12 15:42:37,2042.0355796813965,0,normal
2026-05-12 15:42:40,2027.7760028839111,0,normal
2026-05-12 15:42:43,2039.3397808074951,0,normal
2026-05-12 15:42:46,2047.4565029144287,0,normal
2026-05-12 15:42:49,2043.0517196655273,0,normal
2026-05-12 15:42:52,2039.912462234497,0,normal
2026-05-12 15:42:55,2031.1012268066406,0,normal
2026-05-12 15:42:58,2051.9299507141113,0,normal
2026-05-12 15:43:01,2046.3097095489502,0,normal
2026-05-12 15:43:04,2052.45304107666,0,normal
2026-05-12 15:43:07,2036.287784576416,0,normal
2026-05-12 15:43:10,2023.693561553955,0,normal
2026-05-12 15:43:13,2051.1415004730225,0,normal
2026-05-12 15:43:16,2023.730754852295,0,normal
2026-05-12 15:43:20,2036.7934703826904,0,normal
2026-05-12 15:43:23,2041.6984558105469,0,normal
2026-05-12 15:43:26,2031.141996383667,0,normal
2026-05-12 15:43:29,2031.2726497650146,0,normal
2026-05-12 15:43:32,2031.47292137146,0,normal
2026-05-12 15:43:35,2040.7357215881348,0,normal
2026-05-12 15:43:38,2019.0420150756836,0,normal
2026-05-12 15:43:41,2053.960084915161,0,normal
2026-05-12 15:43:44,2041.1756038665771,0,normal
2026-05-12 15:43:47,2058.1860542297363,0,normal
2026-05-12 15:43:50,2044.8439121246338,0,normal
2026-05-12 15:43:53,2029.4649600982666,0,normal
2026-05-12 15:43:56,2042.454719543457,0,normal
2026-05-12 15:43:59,2027.5275707244873,0,normal
2026-05-12 15:44:02,2033.7188243865967,0,normal
2026-05-12 15:44:05,2047.4963188171387,0,normal
2026-05-12 15:44:08,2051.6116619110107,0,normal
2026-05-12 15:44:11,2052.626132965088,0,normal
2026-05-12 15:44:14,2043.9813137054443,0,normal
2026-05-12 15:44:17,2041.3291454315186,0,normal
2026-05-12 15:44:21,2042.269229888916,0,normal
2026-05-12 15:44:24,2039.3595695495605,0,normal
2026-05-12 15:44:27,2045.4087257385254,0,normal
2026-05-12 15:44:30,2033.2679748535156,0,normal
2026-05-12 15:44:33,2042.5584316253662,0,normal
2026-05-12 15:44:36,2031.8796634674072,0,normal
2026-05-12 15:44:39,2043.9434051513672,0,normal
2026-05-12 15:44:42,2060.8139038085938,0,normal
2026-05-12 15:44:45,2061.1650943756104,0,normal
2026-05-12 15:44:48,2042.7582263946533,0,normal
2026-05-12 15:44:51,2041.0854816436768,0,normal
2026-05-12 15:44:54,2057.924509048462,0,normal
2026-05-12 15:44:57,2041.2931442260742,0,normal
2026-05-12 15:45:00,2040.161371231079,0,normal
2026-05-12 15:45:03,2033.3282947540283,0,normal
2026-05-12 15:45:06,2046.6351509094238,0,normal
2026-05-12 15:45:09,2043.1187152862549,0,normal
2026-05-12 15:45:13,2034.6009731292725,0,normal
2026-05-12 15:45:16,2045.6359386444092,0,normal
2026-05-12 15:45:19,2033.928394317627,0,normal
2026-05-12 15:45:22,2044.0914630889893,0,normal
2026-05-12 15:45:25,2029.0584564208984,0,normal
2026-05-12 15:45:28,2044.7173118591309,0,normal
2026-05-12 15:45:31,2038.2978916168213,0,normal
2026-05-12 15:45:34,2049.5052337646484,0,normal
2026-05-12 15:45:37,2029.8871994018555,0,normal
2026-05-12 15:45:40,2059.622287750244,0,normal
2026-05-12 15:45:43,2031.5608978271484,0,normal
2026-05-12 15:45:46,2053.3511638641357,0,normal
2026-05-12 15:45:49,2058.9754581451416,0,normal
2026-05-12 15:45:52,2047.4400520324707,0,normal
2026-05-12 15:45:55,2053.5531044006348,0,normal
2026-05-12 15:45:58,2054.9471378326416,0,normal
2026-05-12 15:46:01,2041.7957305908203,0,normal
2026-05-12 15:46:04,2045.1714992523193,0,normal
2026-05-12 15:46:07,2035.1028442382812,0,normal
2026-05-12 15:46:11,2050.2898693084717,0,normal
2026-05-12 15:46:14,2059.3740940093994,0,normal
2026-05-12 15:46:17,2030.360221862793,0,normal
2026-05-12 15:46:20,2055.310010910034,0,normal
2026-05-12 15:46:23,2029.381275177002,0,normal
2026-05-12 15:46:26,2029.686689376831,0,normal
2026-05-12 15:46:29,2044.7437763214111,0,normal
2026-05-12 15:46:32,2044.0478324890137,0,normal
2026-05-12 15:46:35,2033.4854125976562,0,normal
2026-05-12 15:46:38,2044.2547798156738,0,normal
2026-05-12 15:46:41,2056.7145347595215,0,normal
2026-05-12 15:46:44,2056.901693344116,0,normal
2026-05-12 15:46:47,2035.149335861206,0,normal
2026-05-12 15:46:50,2051.934242248535,0,normal
2026-05-12 15:46:53,2039.7868156433105,0,normal
2026-05-12 15:46:56,2031.797170639038,0,normal
2026-05-12 15:46:59,2058.1586360931396,0,normal
2026-05-12 15:47:02,2039.6215915679932,0,normal
2026-05-12 15:47:06,2042.2348976135254,0,normal
2026-05-12 15:47:09,2055.432081222534,0,normal
2026-05-12 15:47:12,2029.2003154754639,0,normal
2026-05-12 15:47:15,2039.7253036499023,0,normal
2026-05-12 15:47:18,2061.042070388794,0,normal
2026-05-12 15:47:21,2027.8093814849854,0,normal
2026-05-12 15:47:24,2049.799680709839,0,normal
2026-05-12 15:47:27,2055.288553237915,0,normal
2026-05-12 15:47:30,2058.492660522461,0,normal
2026-05-12 15:47:33,2042.4864292144775,0,normal
2026-05-12 15:47:36,2034.2991352081299,0,normal
2026-05-12 15:47:39,2058.067798614502,0,normal
2026-05-12 15:47:42,2061.9349479675293,0,normal
2026-05-12 15:47:45,2026.5655517578125,0,normal
2026-05-12 15:47:48,2031.7671298980713,0,normal
2026-05-12 15:47:51,2035.247564315796,0,normal
2026-05-12 15:47:54,2054.814577102661,0,normal
2026-05-12 15:47:57,2042.9377555847168,0,normal
2026-05-12 15:48:01,2040.0972366333008,0,normal
2026-05-12 15:48:04,2045.3088283538818,0,normal
2026-05-12 15:48:07,2034.374475479126,0,normal
2026-05-12 15:48:10,2050.2851009368896,0,normal
2026-05-12 15:48:13,2044.9597835540771,0,normal
2026-05-12 15:48:16,2047.3434925079346,0,normal
2026-05-12 15:48:19,2056.713104248047,0,normal
2026-05-12 15:48:22,2046.3290214538574,0,normal
2026-05-12 15:48:25,2067.18373298645,0,normal
2026-05-12 15:48:28,2037.4104976654053,0,normal
2026-05-12 15:48:31,2046.12398147583,0,normal
2026-05-12 15:48:34,2031.7201614379883,0,normal
2026-05-12 15:48:37,2055.1650524139404,0,normal
2026-05-12 15:48:40,2029.012680053711,0,normal
2026-05-12 15:48:43,2060.8999729156494,0,normal
2026-05-12 15:48:46,2044.9461936950684,0,normal
2026-05-12 15:48:49,2064.303398132324,0,normal
2026-05-12 15:48:52,2031.4748287200928,0,normal
2026-05-12 15:48:56,2022.615671157837,0,normal
2026-05-12 15:48:59,2062.0434284210205,0,normal
2026-05-12 15:49:02,2062.135934829712,0,normal
2026-05-12 15:49:05,2048.982858657837,0,normal
2026-05-12 15:49:08,2046.1153984069824,0,normal
2026-05-12 15:49:11,2039.0048027038574,0,normal
2026-05-12 15:49:14,2047.231912612915,0,normal
2026-05-12 15:49:17,2056.8485260009766,0,normal
2026-05-12 15:49:20,2056.741714477539,0,normal
2026-05-12 15:49:23,2045.5701351165771,0,normal
2026-05-12 15:49:26,2045.5241203308105,0,normal
2026-05-12 15:49:29,2042.555332183838,0,normal
2026-05-12 15:49:32,2043.7116622924805,0,normal
2026-05-12 15:49:35,2042.8340435028076,0,normal
2026-05-12 15:49:38,2043.975830078125,0,normal
2026-05-12 15:49:41,2041.2793159484863,0,normal
2026-05-12 15:49:44,2053.2188415527344,0,normal
2026-05-12 15:49:48,2052.596092224121,0,normal
2026-05-12 15:49:51,2031.2161445617676,0,normal
2026-05-12 15:49:54,2049.9825477600098,0,normal
2026-05-12 15:49:57,2043.635368347168,0,normal
2026-05-12 15:50:00,2031.3658714294434,0,normal
2026-05-12 15:50:03,2039.2370223999023,0,normal
2026-05-12 15:50:06,2058.0813884735107,0,normal
2026-05-12 15:50:09,2057.986259460449,0,normal
2026-05-12 15:50:12,2058.544397354126,0,normal
2026-05-12 15:50:15,2033.5683822631836,0,normal
2026-05-12 15:50:18,2060.648202896118,0,normal
2026-05-12 15:50:21,2031.184434890747,0,normal
2026-05-12 15:50:24,2056.896924972534,0,normal
2026-05-12 15:50:27,2039.5634174346924,0,normal
2026-05-12 15:50:30,2031.949520111084,0,normal
2026-05-12 15:50:33,2036.9093418121338,0,normal
2026-05-12 15:50:36,2043.1056022644043,0,normal
2026-05-12 15:50:39,2050.889253616333,0,normal
2026-05-12 15:50:43,2055.431127548218,0,normal
2026-05-12 15:50:46,2048.443078994751,0,normal
2026-05-12 15:50:49,2045.4375743865967,0,normal
2026-05-12 15:50:52,2040.2045249938965,0,normal
2026-05-12 15:50:55,2031.4805507659912,0,normal
2026-05-12 15:50:58,2031.4676761627197,0,normal
2026-05-12 15:51:01,2041.0923957824707,0,normal
2026-05-12 15:51:04,2046.7219352722168,0,normal
2026-05-12 15:51:07,2031.2321186065674,0,normal
2026-05-12 15:51:10,2031.4662456512451,0,normal
2026-05-12 15:51:13,2061.488628387451,0,normal
2026-05-12 15:51:16,2046.9536781311035,0,normal
2026-05-12 15:51:19,2045.6676483154297,0,normal
2026-05-12 15:51:22,2044.327735900879,0,normal
2026-05-12 15:51:25,2051.2731075286865,0,normal
2026-05-12 15:51:28,2040.8594608306885,0,normal
2026-05-12 15:51:31,2030.2772521972656,0,normal
2026-05-12 15:51:34,2047.6703643798828,0,normal
2026-05-12 15:51:37,2043.9972877502441,0,normal
2026-05-12 15:51:41,2042.9134368896484,0,normal
2026-05-12 15:51:44,2052.8862476348877,0,normal
2026-05-12 15:51:47,2030.3034782409668,0,normal
2026-05-12 15:51:50,2057.530641555786,0,normal
2026-05-12 15:51:53,2059.5879554748535,0,normal
2026-05-12 15:51:56,2057.4564933776855,0,normal
2026-05-12 15:51:59,2042.9837703704834,0,normal
2026-05-12 15:52:02,2045.7239151000977,0,normal
2026-05-12 15:52:05,2059.999465942383,0,normal
2026-05-12 15:52:08,2056.9815635681152,0,normal
2026-05-12 15:52:11,2038.9080047607422,0,normal
2026-05-12 15:52:14,2040.4586791992188,0,normal
2026-05-12 15:52:17,2035.3145599365234,0,normal
2026-05-12 15:52:20,2054.553985595703,0,normal
2026-05-12 15:52:23,2031.1949253082275,0,normal
2026-05-12 15:52:26,2059.73219871521,0,normal
2026-05-12 15:52:30,2056.1416149139404,0,normal
2026-05-12 15:52:33,2029.1078090667725,0,normal
2026-05-12 15:52:36,2056.9002628326416,0,normal
2026-05-12 15:52:39,2042.7563190460205,0,normal
2026-05-12 15:52:42,2034.8124504089355,0,normal
2026-05-12 15:52:45,2041.2013530731201,0,normal
2026-05-12 15:52:48,2019.6113586425781,0,normal
2026-05-12 15:52:51,2052.5829792022705,0,normal
2026-05-12 15:52:54,2041.8658256530762,0,normal
2026-05-12 15:52:57,2032.4180126190186,0,normal
2026-05-12 15:53:00,2057.018041610718,0,normal
2026-05-12 15:53:03,2057.652235031128,0,normal
2026-05-12 15:53:06,2034.806489944458,0,normal
2026-05-12 15:53:09,2059.3178272247314,0,normal
2026-05-12 15:53:12,2058.363676071167,0,normal
2026-05-12 15:53:15,2048.396587371826,0,normal
2026-05-12 15:53:18,2031.2118530273438,0,normal
2026-05-12 15:53:21,2061.9235038757324,0,normal
2026-05-12 15:53:25,2042.3433780670166,0,normal
2026-05-12 15:53:28,2060.6398582458496,0,normal
2026-05-12 15:53:31,2026.0634422302246,0,normal
2026-05-12 15:53:34,2040.184736251831,0,normal
2026-05-12 15:53:37,2052.558422088623,0,normal
2026-05-12 15:53:40,2025.8259773254395,0,normal
2026-05-12 15:53:43,2011.0993385314941,0,normal
2026-05-12 15:53:46,2015.9175395965576,0,normal
2026-05-12 15:53:49,2047.5926399230957,0,normal
2026-05-12 15:53:52,2055.1178455352783,0,normal
2026-05-12 15:53:55,2043.2183742523193,0,normal
2026-05-12 15:53:58,2056.089162826538,0,normal
2026-05-12 15:54:01,2047.5811958312988,0,normal
2026-05-12 15:54:04,2042.0711040496826,0,normal
2026-05-12 15:54:07,2038.7663841247559,0,normal
2026-05-12 15:54:10,2055.9494495391846,0,normal
2026-05-12 15:54:13,2048.4769344329834,0,normal
2026-05-12 15:54:16,2055.9043884277344,0,normal
2026-05-12 15:54:19,2037.5440120697021,0,normal
2026-05-12 15:54:23,2045.971155166626,0,normal
2026-05-12 15:54:26,2040.7109260559082,0,normal
2026-05-12 15:54:29,2054.8484325408936,0,normal
2026-05-12 15:54:32,2043.3411598205566,0,normal
2026-05-12 15:54:35,2059.028387069702,0,normal
2026-05-12 15:54:38,2054.5451641082764,0,normal
2026-05-12 15:54:41,2042.299509048462,0,normal
2026-05-12 15:54:44,2041.6243076324463,0,normal
2026-05-12 15:54:47,2026.8123149871826,0,normal
2026-05-12 15:54:50,2032.0758819580078,0,normal
2026-05-12 15:54:53,2035.576343536377,0,normal
2026-05-12 15:54:56,2052.1154403686523,0,normal
2026-05-12 15:54:59,2030.1494598388672,0,normal
2026-05-12 15:55:02,2029.8943519592285,0,normal
2026-05-12 15:55:05,2057.3034286499023,0,normal
2026-05-12 15:55:08,2017.453670501709,0,normal
2026-05-12 15:55:11,2004.1635036468506,0,normal
2026-05-12 15:55:14,2004.1956901550293,0,normal
2026-05-12 15:55:26,2005.9814453125,0,normal
2026-05-12 15:55:29,2007.6119899749756,0,normal
2026-05-12 15:55:32,2050.1718521118164,0,normal
2026-05-12 15:55:35,2058.9897632598877,0,normal
2026-05-12 15:55:38,2034.8920822143555,0,normal
2026-05-12 15:55:41,2054.62384223938,0,normal
2026-05-12 15:55:44,2057.070016860962,0,normal
2026-05-12 15:55:47,2059.2129230499268,0,normal
2026-05-12 15:55:51,2053.513526916504,0,normal
2026-05-12 15:55:54,2045.3498363494873,0,normal
2026-05-12 15:55:57,2036.5328788757324,0,normal
2026-05-12 15:56:00,2043.8146591186523,0,normal
2026-05-12 15:56:03,2033.522605895996,0,normal
2026-05-12 15:56:06,2055.203914642334,0,normal
2026-05-12 15:56:09,2031.5375328063965,0,normal
2026-05-12 15:56:12,2057.6107501983643,0,normal
2026-05-12 15:56:15,2055.305004119873,0,normal
2026-05-12 15:56:18,2054.5060634613037,0,normal
2026-05-12 15:56:21,2024.775505065918,0,normal
2026-05-12 15:56:24,2041.2204265594482,0,normal
2026-05-12 15:56:27,2036.3717079162598,0,normal
2026-05-12 15:56:30,2042.647123336792,0,normal
2026-05-12 15:56:33,2037.3592376708984,0,normal
2026-05-12 15:56:36,2048.0704307556152,0,normal
2026-05-12 15:56:39,2036.977767944336,0,normal
2026-05-12 15:56:42,2055.7610988616943,0,normal
2026-05-12 15:56:46,2030.268669128418,0,normal
2026-05-12 15:56:49,2061.161994934082,0,normal
2026-05-12 15:56:52,2048.9351749420166,0,normal
2026-05-12 15:56:55,2058.5765838623047,0,normal
2026-05-12 15:56:58,2053.6155700683594,0,normal
2026-05-12 15:57:01,2027.5180339813232,0,normal
2026-05-12 15:57:04,2053.483009338379,0,normal
2026-05-12 15:57:07,2045.6819534301758,0,normal
2026-05-12 15:57:10,2042.4933433532715,0,normal
2026-05-12 15:57:13,2045.0503826141357,0,normal
2026-05-12 15:57:16,2052.461862564087,0,normal
2026-05-12 15:57:19,2031.7118167877197,0,normal
2026-05-12 15:57:22,2055.7351112365723,0,normal
2026-05-12 15:57:25,2042.8862571716309,0,normal
2026-05-12 15:57:28,2062.6847743988037,0,normal
2026-05-12 15:57:31,2057.2073459625244,0,normal
2026-05-12 15:57:35,2058.500289916992,0,normal
2026-05-12 15:57:38,2042.290210723877,0,normal
2026-05-12 15:57:41,2042.8640842437744,0,normal
2026-05-12 15:57:44,2056.3864707946777,0,normal
2026-05-12 15:57:47,2049.7100353240967,0,normal
2026-05-12 15:57:50,2060.572862625122,0,normal
2026-05-12 15:57:53,2056.0836791992188,0,normal
2026-05-12 15:57:56,2041.9206619262695,0,normal
2026-05-12 15:57:59,2044.5201396942139,0,normal
2026-05-12 15:58:02,2029.4179916381836,0,normal
2026-05-12 15:58:05,2041.66579246521,0,normal
2026-05-12 15:58:08,2052.8461933135986,0,normal
2026-05-12 15:58:11,2034.3446731567383,0,normal
2026-05-12 15:58:14,2046.1478233337402,0,normal
2026-05-12 15:58:17,2041.6102409362793,0,normal
2026-05-12 15:58:20,2049.4465827941895,0,normal
2026-05-12 15:58:23,2057.532787322998,0,normal
2026-05-12 15:58:26,2036.7329120635986,0,normal
2026-05-12 15:58:30,2054.2290210723877,0,normal
2026-05-12 15:58:33,2042.3762798309326,0,normal
2026-05-12 15:58:36,2033.7705612182617,0,normal
2026-05-12 15:58:39,2045.3212261199951,0,normal
2026-05-12 15:58:42,2007.2720050811768,0,normal
2026-05-12 15:58:45,2041.2683486938477,0,normal
2026-05-12 15:58:48,2043.8635349273682,0,normal
2026-05-12 15:58:51,2030.3058624267578,0,normal
2026-05-12 15:58:54,2056.705951690674,0,normal
2026-05-12 15:58:57,2022.8450298309326,0,normal
2026-05-12 15:59:00,2007.0960521697998,0,normal
2026-05-12 15:59:03,2052.14786529541,0,normal
2026-05-12 15:59:06,2044.2523956298828,0,normal
2026-05-12 15:59:09,2028.7413597106934,0,normal
2026-05-12 15:59:12,2052.9065132141113,0,normal
2026-05-12 15:59:15,2033.6668491363525,0,normal
2026-05-12 15:59:18,2052.3273944854736,0,normal
2026-05-12 15:59:21,2032.942533493042,0,normal
2026-05-12 15:59:24,2035.3410243988037,0,normal
2026-05-12 15:59:27,2056.5531253814697,0,normal
2026-05-12 15:59:31,2046.2563037872314,0,normal
2026-05-12 15:59:34,2045.8543300628662,0,normal
2026-05-12 15:59:37,2039.2916202545166,0,normal
2026-05-12 15:59:40,2041.6581630706787,0,normal
2026-05-12 15:59:43,2054.377794265747,0,normal
2026-05-12 15:59:46,2045.253038406372,0,normal
2026-05-12 15:59:49,2030.383586883545,0,normal
2026-05-12 15:59:52,2043.344259262085,0,normal
2026-05-12 15:59:55,2051.7733097076416,0,normal
2026-05-12 15:59:58,2034.1219902038574,0,normal
2026-05-12 16:00:01,2027.3890495300293,0,normal
2026-05-12 16:00:04,2040.3342247009277,0,normal
2026-05-12 16:00:07,2041.3212776184082,0,normal
2026-05-12 16:00:10,2032.9492092132568,0,normal
2026-05-12 16:00:13,2035.7770919799805,0,normal
2026-05-12 16:00:16,2054.2187690734863,0,normal
2026-05-12 16:00:19,2031.468152999878,0,normal
2026-05-12 16:00:22,2047.7659702301025,0,normal
2026-05-12 16:00:25,2043.440818786621,0,normal
2026-05-12 16:00:29,2061.207056045532,0,normal
2026-05-12 16:00:32,2041.9659614562988,0,normal
2026-05-12 16:00:35,2047.3291873931885,0,normal
2026-05-12 16:00:38,2031.506061553955,0,normal
2026-05-12 16:00:41,2034.569263458252,0,normal
2026-05-12 16:00:44,2050.3151416778564,0,normal
2026-05-12 16:00:47,2030.4386615753174,0,normal
2026-05-12 16:00:50,2045.3202724456787,0,normal
2026-05-12 16:00:53,2062.016487121582,0,normal
2026-05-12 16:00:56,2033.3116054534912,0,normal
2026-05-12 16:00:59,2041.395902633667,0,normal
2026-05-12 16:01:02,2043.1158542633057,0,normal
2026-05-12 16:01:05,2059.0734481811523,0,normal
2026-05-12 16:01:08,2051.934003829956,0,normal
2026-05-12 16:01:11,2044.4931983947754,0,normal
2026-05-12 16:01:14,2046.5211868286133,0,normal
2026-05-12 16:01:17,2058.711051940918,0,normal
2026-05-12 16:01:20,2053.7610054016113,0,normal
2026-05-12 16:01:24,2037.3814105987549,0,normal
2026-05-12 16:01:27,2055.697202682495,0,normal
2026-05-12 16:01:30,2033.310890197754,0,normal
2026-05-12 16:01:33,2018.6829566955566,0,normal
2026-05-12 16:01:36,2031.252145767212,0,normal
2026-05-12 16:01:39,2057.783842086792,0,normal
2026-05-12 16:01:42,2059.59415435791,0,normal
2026-05-12 16:01:45,2047.152042388916,0,normal
2026-05-12 16:01:48,2057.0688247680664,0,normal
2026-05-12 16:01:51,2032.527208328247,0,normal
2026-05-12 16:01:54,2043.1597232818604,0,normal
2026-05-12 16:01:57,2055.009365081787,0,normal
2026-05-12 16:02:00,2046.6067790985107,0,normal
2026-05-12 16:02:03,2047.1704006195068,0,normal
2026-05-12 16:02:06,2056.182861328125,0,normal
2026-05-12 16:02:09,2057.994604110718,0,normal
2026-05-12 16:02:12,2017.1403884887695,0,normal
2026-05-12 16:02:15,2030.6847095489502,0,normal
2026-05-12 16:02:19,2054.65030670166,0,normal
2026-05-12 16:02:22,2052.4299144744873,0,normal
2026-05-12 16:02:25,2027.9510021209717,0,normal
2026-05-12 16:02:28,2060.425281524658,0,normal
2026-05-12 16:02:31,2054.9020767211914,0,normal
2026-05-12 16:02:34,2061.244010925293,0,normal
2026-05-12 16:02:37,2050.886631011963,0,normal
2026-05-12 16:02:40,2031.0232639312744,0,normal
2026-05-12 16:02:43,2042.2146320343018,0,normal
2026-05-12 16:02:46,2052.8087615966797,0,normal
2026-05-12 16:02:49,2056.816816329956,0,normal
2026-05-12 16:02:52,2042.8657531738281,0,normal
2026-05-12 16:02:55,2024.9078273773193,0,normal
2026-05-12 16:02:58,2046.3838577270508,0,normal
2026-05-12 16:03:01,2050.664186477661,0,normal
2026-05-12 16:03:04,2051.5639781951904,0,normal
2026-05-12 16:03:07,2043.2953834533691,0,normal
2026-05-12 16:03:10,2044.4347858428955,0,normal
2026-05-12 16:03:14,2047.2514629364014,0,normal
2026-05-12 16:03:17,2030.7207107543945,0,normal
2026-05-12 16:03:20,2033.8633060455322,0,normal
2026-05-12 16:03:23,2032.7403545379639,0,normal
2026-05-12 16:03:26,2030.7867527008057,0,normal
2026-05-12 16:03:29,2048.146963119507,0,normal
2026-05-12 16:03:32,2055.147647857666,0,normal
2026-05-12 16:03:35,2034.7232818603516,0,normal
2026-05-12 16:03:38,2034.4226360321045,0,normal
2026-05-12 16:03:41,2062.2127056121826,0,normal
2026-05-12 16:03:44,2042.6464080810547,0,normal
2026-05-12 16:03:47,2037.6062393188477,0,normal
2026-05-12 16:03:50,2040.9648418426514,0,normal
2026-05-12 16:03:53,2039.5793914794922,0,normal
2026-05-12 16:03:56,2064.4350051879883,0,normal
2026-05-12 16:03:59,2034.4123840332031,0,normal
2026-05-12 16:04:02,2053.978204727173,0,normal
2026-05-12 16:04:05,2037.1251106262207,0,normal
2026-05-12 16:04:08,2041.4724349975586,0,normal
2026-05-12 16:04:12,2054.568290710449,0,normal
2026-05-12 16:04:15,2040.3084754943848,0,normal
2026-05-12 16:04:18,2029.2165279388428,0,normal
2026-05-12 16:04:21,2058.0668449401855,0,normal
2026-05-12 16:04:24,2055.3059577941895,0,normal
2026-05-12 16:04:27,2057.237148284912,0,normal
2026-05-12 16:04:30,2045.0470447540283,0,normal
2026-05-12 16:04:33,2042.1113967895508,0,normal
2026-05-12 16:04:36,2027.8611183166504,0,normal
2026-05-12 16:04:39,2031.1522483825684,0,normal
2026-05-12 16:04:42,2059.032917022705,0,normal
2026-05-12 16:04:45,2018.4438228607178,0,normal
2026-05-12 16:04:48,2049.996852874756,0,normal
2026-05-12 16:04:51,2046.4508533477783,0,normal
2026-05-12 16:04:54,2053.149938583374,0,normal
2026-05-12 16:04:57,2051.2661933898926,0,normal
2026-05-12 16:05:00,2055.605173110962,0,normal
2026-05-12 16:05:03,2045.2935695648193,0,normal
2026-05-12 16:05:07,2057.7006340026855,0,normal
2026-05-12 16:05:10,2033.4692001342773,0,normal
2026-05-12 16:05:13,2057.204484939575,0,normal
2026-05-12 16:05:16,2043.5876846313477,0,normal
2026-05-12 16:05:19,2053.7850856781006,0,normal
2026-05-12 16:05:22,2055.103540420532,0,normal
2026-05-12 16:05:25,2032.4289798736572,0,normal
2026-05-12 16:05:28,2036.5538597106934,0,normal
2026-05-12 16:05:31,2053.440809249878,0,normal
2026-05-12 16:05:34,2059.6868991851807,0,normal
2026-05-12 16:05:37,2052.737236022949,0,normal
2026-05-12 16:05:40,2041.7749881744385,0,normal
2026-05-12 16:05:43,2032.1381092071533,0,normal
2026-05-12 16:05:46,2047.8882789611816,0,normal
2026-05-12 16:05:49,2033.4651470184326,0,normal
2026-05-12 16:05:52,2054.19921875,0,normal
2026-05-12 16:05:55,2045.875072479248,0,normal
2026-05-12 16:05:59,2063.0996227264404,0,normal
2026-05-12 16:06:02,2049.1600036621094,0,normal
2026-05-12 16:06:05,2017.9390907287598,0,normal
2026-05-12 16:06:08,2053.3699989318848,0,normal
2026-05-12 16:06:11,2059.495210647583,0,normal
2026-05-12 16:06:14,2027.1155834197998,0,normal
2026-05-12 16:06:17,2054.4116497039795,0,normal
2026-05-12 16:06:20,2059.1297149658203,0,normal
2026-05-12 16:06:23,2046.28586769104,0,normal
2026-05-12 16:06:26,2040.9276485443115,0,normal
2026-05-12 16:06:29,2060.5850219726562,0,normal
2026-05-12 16:06:32,2058.596611022949,0,normal
2026-05-12 16:06:35,2056.570529937744,0,normal
2026-05-12 16:06:38,2054.745674133301,0,normal
2026-05-12 16:06:41,2018.9201831817627,0,normal
2026-05-12 16:06:44,2048.665761947632,0,normal
2026-05-12 16:06:47,2031.4476490020752,0,normal
2026-05-12 16:06:50,2024.9245166778564,0,normal
2026-05-12 16:06:53,2004.7023296356201,0,normal
2026-05-12 16:06:56,2004.199743270874,0,normal
2026-05-12 16:15:59,0.4525184631347656,0,normal
2026-05-12 16:16:00,3.3416748046875,0,normal
2026-05-12 16:16:01,2.535104751586914,0,normal
2026-05-12 16:16:02,1.7917156219482422,0,normal
2026-05-12 16:16:03,1.5537738800048828,0,normal
2026-05-12 16:16:04,205.28459548950195,0,normal
2026-05-12 16:16:05,0.5879402160644531,0,normal
2026-05-12 16:16:06,2.254962921142578,0,normal
2026-05-12 16:16:07,1.0933876037597656,0,normal
2026-05-12 16:16:08,446.685791015625,0,normal
2026-05-12 16:16:09,1.165151596069336,0,normal
2026-05-12 16:16:10,2.1948814392089844,0,normal
2026-05-12 16:16:11,4.810810089111328,0,normal
2026-05-12 16:16:12,0.7889270782470703,0,normal
2026-05-12 16:16:13,2.621889114379883,0,normal
2026-05-12 16:16:14,0.6587505340576172,0,normal
2026-05-12 16:16:15,4.48918342590332,0,normal
2026-05-12 16:16:17,1.7437934875488281,0,normal
2026-05-12 16:16:18,0.7369518280029297,0,normal
2026-05-12 16:16:19,0.6184577941894531,0,normal
2026-05-12 16:16:20,1.489400863647461,0,normal
2026-05-12 16:16:21,0.8571147918701172,0,normal
2026-05-12 16:16:22,219.47288513183594,0,normal
2026-05-12 16:16:23,1.2366771697998047,0,normal
2026-05-12 16:16:24,218.30391883850098,0,normal
2026-05-12 16:16:25,1.8169879913330078,0,normal
2026-05-12 16:16:26,1.9419193267822266,0,normal
2026-05-12 16:16:27,0.6461143493652344,0,normal
2026-05-12 16:16:28,234.6043586730957,0,normal
2026-05-12 16:16:29,1.3332366943359375,0,normal
2026-05-12 16:16:30,2.260446548461914,0,normal
2026-05-12 16:16:32,235.90803146362305,0,normal
2026-05-12 16:16:33,1.691579818725586,0,normal
2026-05-12 16:16:34,1.0952949523925781,0,normal
2026-05-12 16:16:35,10.186195373535156,0,normal
2026-05-12 16:16:36,216.60375595092773,0,normal
2026-05-12 16:16:37,0.9856224060058594,0,normal
2026-05-12 16:16:38,2.457141876220703,0,normal
2026-05-12 16:16:39,1.0895729064941406,0,normal
2026-05-12 16:16:40,1.4684200286865234,0,normal
2026-05-12 16:16:42,672.7187633514404,0,normal
2026-05-12 16:16:43,233.1523895263672,0,normal
2026-05-12 16:16:44,2.5577545166015625,0,normal
2026-05-12 16:16:45,471.45748138427734,0,normal
2026-05-12 16:16:47,229.79140281677246,0,normal
2026-05-12 16:16:48,2.6090145111083984,0,normal
2026-05-12 16:16:49,0.8590221405029297,0,normal
2026-05-12 16:16:50,470.7472324371338,0,normal
2026-05-12 16:16:51,217.08178520202637,0,normal
2026-05-12 16:16:52,0.6673336029052734,0,normal
2026-05-12 16:16:53,2.016782760620117,0,normal
2026-05-12 16:16:55,205.18779754638672,0,normal
2026-05-12 16:16:56,236.65094375610352,0,normal
2026-05-12 16:16:57,1.0328292846679688,0,normal
2026-05-12 16:16:58,451.1234760284424,0,normal
2026-05-12 16:17:00,440.9167766571045,0,normal
2026-05-12 16:17:01,1.5411376953125,0,normal
2026-05-12 16:17:02,5.88226318359375,0,normal
2026-05-12 16:17:03,2.6590824127197266,0,normal
2026-05-12 16:17:04,299.46446418762207,0,normal
2026-05-12 16:17:06,747.7912902832031,0,normal
2026-05-12 16:17:07,3.4563541412353516,0,normal
2026-05-12 16:17:08,0.7181167602539062,0,normal
2026-05-12 16:17:09,1.1081695556640625,0,normal
2026-05-12 16:17:10,2.079486846923828,0,normal
2026-05-12 16:17:11,1.6598701477050781,0,normal
2026-05-12 16:17:12,261.24072074890137,0,normal
2026-05-12 16:17:13,235.80193519592285,0,normal
2026-05-12 16:17:14,0.6132125854492188,0,normal
2026-05-12 16:17:15,1.2199878692626953,0,normal
2026-05-12 16:17:17,466.7553901672363,0,normal
2026-05-12 16:17:18,4.626989364624023,0,normal
2026-05-12 16:17:19,217.06795692443848,0,normal
2026-05-12 16:17:20,233.20937156677246,0,normal
2026-05-12 16:17:21,1.4410018920898438,0,normal
2026-05-12 16:17:23,234.25817489624023,0,normal
2026-05-12 16:17:24,2.051830291748047,0,normal
2026-05-12 16:17:25,217.66400337219238,0,normal
2026-05-12 16:17:26,234.04788970947266,0,normal
2026-05-12 16:17:27,205.427885055542,0,normal
2026-05-12 16:17:28,2.845287322998047,0,normal
2026-05-12 16:17:30,234.82489585876465,0,normal
2026-05-12 16:17:31,235.68463325500488,0,normal
2026-05-12 16:17:32,1.6200542449951172,0,normal
2026-05-12 16:17:33,2.527475357055664,0,normal
2026-05-12 16:17:34,1.8849372863769531,0,normal
2026-05-12 16:17:35,1.3346672058105469,0,normal
2026-05-12 16:17:36,1.7502307891845703,0,normal
2026-05-12 16:17:37,235.89301109313965,0,normal
2026-05-12 16:17:38,1.1625289916992188,0,normal
2026-05-12 16:17:39,1.0619163513183594,0,normal
2026-05-12 16:17:40,3.1654834747314453,0,normal
2026-05-12 16:17:41,5.105018615722656,0,normal
2026-05-12 16:17:42,236.64450645446777,0,normal
2026-05-12 16:17:43,2.138853073120117,0,normal
2026-05-12 16:17:45,235.66079139709473,0,normal
2026-05-12 16:17:46,235.31723022460938,0,normal
2026-05-12 16:17:47,237.40315437316895,0,normal
2026-05-12 16:17:48,1.447916030883789,0,normal
2026-05-12 16:17:49,1.1260509490966797,0,normal
2026-05-12 16:17:51,469.70534324645996,0,normal
2026-05-12 16:17:52,232.47694969177246,0,normal
2026-05-12 16:17:53,218.97411346435547,0,normal
2026-05-12 16:17:54,20.821332931518555,0,normal
2026-05-12 16:17:55,1.3294219970703125,0,normal
2026-05-12 16:17:56,1.2803077697753906,0,normal
2026-05-12 16:17:57,3.305196762084961,0,normal
2026-05-12 16:17:58,1.0383129119873047,0,normal
2026-05-12 16:17:59,1.2118816375732422,0,normal
2026-05-12 16:18:01,205.3208351135254,0,normal
2026-05-12 16:18:02,1.7969608306884766,0,normal
2026-05-12 16:18:03,0.5853176116943359,0,normal
2026-05-12 16:18:04,0.7956027984619141,0,normal
2026-05-12 16:18:05,210.19864082336426,0,normal
2026-05-12 16:18:06,3.3719539642333984,0,normal
2026-05-12 16:18:07,1.12152099609375,0,normal
2026-05-12 16:18:08,1.5039443969726562,0,normal
2026-05-12 16:18:09,233.96706581115723,0,normal
2026-05-12 16:18:10,233.89840126037598,0,normal
2026-05-12 16:18:11,1.8906593322753906,0,normal
2026-05-12 16:18:13,234.5280647277832,0,normal
2026-05-12 16:18:14,2.9942989349365234,0,normal
2026-05-12 16:18:15,0.45561790466308594,0,normal
2026-05-12 16:18:16,0.7627010345458984,0,normal
2026-05-12 16:18:17,7.673501968383789,0,normal
2026-05-12 16:18:18,233.7477207183838,0,normal
2026-05-12 16:18:19,251.69801712036133,0,normal
2026-05-12 16:18:20,233.36124420166016,0,normal
2026-05-12 16:18:21,2.5522708892822266,0,normal
2026-05-12 16:18:22,2.0766258239746094,0,normal
2026-05-12 16:18:23,5.760669708251953,0,normal
2026-05-12 16:18:24,5.482912063598633,0,normal
2026-05-12 16:18:25,1.6777515411376953,0,normal
2026-05-12 16:18:27,233.1089973449707,0,normal
2026-05-12 16:18:28,1.4541149139404297,0,normal
2026-05-12 16:18:29,455.5838108062744,0,normal
2026-05-12 16:18:31,439.13841247558594,0,normal
2026-05-12 16:18:32,1.2655258178710938,0,normal
2026-05-12 16:18:33,2.2644996643066406,0,normal
2026-05-12 16:18:34,0.9291172027587891,0,normal
2026-05-12 16:18:35,2.279996871948242,0,normal
2026-05-12 16:18:36,1.3685226440429688,0,normal
2026-05-12 16:18:37,1.3360977172851562,0,normal
2026-05-12 16:18:38,451.2813091278076,0,normal
2026-05-12 16:18:39,5.61833381652832,0,normal
2026-05-12 16:18:40,2.2292137145996094,0,normal
2026-05-12 16:18:41,0.9248256683349609,0,normal
2026-05-12 16:18:43,469.21467781066895,0,normal
2026-05-12 16:18:44,236.84239387512207,0,normal
2026-05-12 16:18:46,919.8148250579834,0,normal
2026-05-12 16:18:47,207.1690559387207,0,normal
2026-05-12 16:18:48,236.4480495452881,0,normal
2026-05-12 16:18:49,1.3966560363769531,0,normal
2026-05-12 16:18:51,232.1467399597168,0,normal
2026-05-12 16:18:52,0.5810260772705078,0,normal
2026-05-12 16:18:53,283.6005687713623,0,normal
2026-05-12 16:18:54,1.0004043579101562,0,normal
2026-05-12 16:18:55,480.99303245544434,0,normal
2026-05-12 16:18:56,2.034902572631836,0,normal
2026-05-12 16:18:58,236.53364181518555,0,normal
2026-05-12 16:18:59,1.9948482513427734,0,normal
2026-05-12 16:19:00,282.0565700531006,0,normal
2026-05-12 16:19:01,2.893209457397461,0,normal
2026-05-12 16:19:02,233.5212230682373,0,normal
2026-05-12 16:19:03,234.05742645263672,0,normal
2026-05-12 16:19:04,1.3659000396728516,0,normal
2026-05-12 16:19:05,1.0814666748046875,0,normal
2026-05-12 16:19:07,279.7110080718994,0,normal
2026-05-12 16:19:08,231.40406608581543,0,normal
2026-05-12 16:19:09,1.1668205261230469,0,normal
2026-05-12 16:19:10,3.3416748046875,0,normal
2026-05-12 16:19:11,2.1102428436279297,0,normal
2026-05-12 16:19:12,1.1510848999023438,0,normal
2026-05-12 16:19:13,237.70451545715332,0,normal
2026-05-12 16:19:15,299.0760803222656,0,normal
2026-05-12 16:19:16,236.67192459106445,0,normal
2026-05-12 16:19:17,1.9054412841796875,0,normal
2026-05-12 16:19:18,0.9927749633789062,0,normal
2026-05-12 16:19:19,1.589059829711914,0,normal
2026-05-12 16:19:20,1.1165142059326172,0,normal
2026-05-12 16:19:21,1.2521743774414062,0,normal
2026-05-12 16:19:22,234.2984676361084,0,normal
2026-05-12 16:19:23,0.8137226104736328,0,normal
2026-05-12 16:19:24,6.346702575683594,0,normal
2026-05-12 16:19:25,0.5223751068115234,0,normal
2026-05-12 16:19:26,252.11024284362793,0,normal
2026-05-12 16:19:27,1.6033649444580078,0,normal
2026-05-12 16:19:29,219.86937522888184,0,normal
2026-05-12 16:19:30,1.687765121459961,0,normal
2026-05-12 16:19:31,0.9486675262451172,0,normal
2026-05-12 16:19:32,0.7224082946777344,0,normal
2026-05-12 16:19:33,0.8492469787597656,0,normal
2026-05-12 16:19:34,1.352548599243164,0,normal
2026-05-12 16:19:35,1.051187515258789,0,normal
2026-05-12 16:19:36,2.112150192260742,0,normal
2026-05-12 16:19:37,1.6684532165527344,0,normal
2026-05-12 16:19:38,35.4616641998291,0,normal
2026-05-12 16:19:39,0.9870529174804688,0,normal
2026-05-12 16:19:40,1.7611980438232422,0,normal
2026-05-12 16:19:41,1.4026165008544922,0,normal
2026-05-12 16:19:42,422.84274101257324,0,normal
2026-05-12 16:19:44,249.37772750854492,0,normal
2026-05-12 16:19:45,1.4345645904541016,0,normal
2026-05-12 16:19:46,453.1838893890381,0,normal
2026-05-12 16:19:47,2.001047134399414,0,normal
2026-05-12 16:19:48,2.227783203125,0,normal
2026-05-12 16:19:49,1.2466907501220703,0,normal
2026-05-12 16:19:50,219.61021423339844,0,normal
2026-05-12 16:19:52,235.64815521240234,0,normal
2026-05-12 16:19:53,913.6314392089844,0,normal
2026-05-12 16:19:55,233.48569869995117,0,normal
2026-05-12 16:19:56,1.1744499206542969,0,normal
2026-05-12 16:19:57,0.5433559417724609,0,normal
2026-05-12 16:19:58,234.7419261932373,0,normal
2026-05-12 16:19:59,0.79345703125,0,normal
2026-05-12 16:20:00,232.83696174621582,0,normal
2026-05-12 16:20:01,3.4513473510742188,0,normal
2026-05-12 16:20:02,3.541231155395508,0,normal
2026-05-12 16:20:03,217.3933982849121,0,normal
2026-05-12 16:20:04,3.7441253662109375,0,normal
2026-05-12 16:20:05,1.99127197265625,0,normal
2026-05-12 16:20:07,234.15851593017578,0,normal
2026-05-12 16:20:08,1.2888908386230469,0,normal
2026-05-12 16:20:09,1.8305778503417969,0,normal
2026-05-12 16:20:10,238.77310752868652,0,normal
2026-05-12 16:20:11,236.6950511932373,0,normal
2026-05-12 16:20:12,1.5063285827636719,0,normal
2026-05-12 16:20:13,1.6164779663085938,0,normal
2026-05-12 16:20:15,453.3665180206299,0,normal
2026-05-12 16:20:16,3.1638145446777344,0,normal
2026-05-12 16:20:17,1.1217594146728516,0,normal
2026-05-12 16:20:18,0.9255409240722656,0,normal
2026-05-12 16:20:19,247.57933616638184,0,normal
2026-05-12 16:20:20,1.1012554168701172,0,normal
2026-05-12 16:20:21,0.6008148193359375,0,normal
2026-05-12 16:20:22,0.4448890686035156,0,normal
2026-05-12 16:20:23,6.124258041381836,0,normal
2026-05-12 16:20:25,452.1634578704834,0,normal
2026-05-12 16:20:26,0.9183883666992188,0,normal
2026-05-12 16:20:27,248.9640712738037,0,normal
2026-05-12 16:20:28,1.3141632080078125,0,normal
2026-05-12 16:20:29,1.0073184967041016,0,normal
2026-05-12 16:20:30,1.3091564178466797,0,normal
2026-05-12 16:20:31,0.5161762237548828,0,normal
2026-05-12 16:20:32,1.9855499267578125,0,normal
2026-05-12 16:20:33,1.8467903137207031,0,normal
2026-05-12 16:20:34,467.99635887145996,0,normal
2026-05-12 16:20:35,2.012968063354492,0,normal
2026-05-12 16:20:37,251.63960456848145,0,normal
2026-05-12 16:20:38,0.8189678192138672,0,normal
2026-05-12 16:20:39,1.4181137084960938,0,normal
2026-05-12 16:20:40,1.0266304016113281,0,normal
2026-05-12 16:20:41,0.7183551788330078,0,normal
2026-05-12 16:20:42,2.4175643920898438,0,normal
2026-05-12 16:20:43,2.0439624786376953,0,normal
2026-05-12 16:20:44,231.1716079711914,0,normal
2026-05-12 16:20:45,1.7261505126953125,0,normal
2026-05-12 16:20:46,0.6420612335205078,0,normal
2026-05-12 16:20:47,1.1889934539794922,0,normal
2026-05-12 16:20:48,244.7965145111084,0,normal
2026-05-12 16:20:49,210.87145805358887,0,normal
2026-05-12 16:20:51,217.9739475250244,0,normal
2026-05-12 16:20:52,3.0663013458251953,0,normal
2026-05-12 16:20:53,234.09152030944824,0,normal
2026-05-12 16:20:54,1.6782283782958984,0,normal
2026-05-12 16:20:55,1.531839370727539,0,normal
2026-05-12 16:20:56,1.1322498321533203,0,normal
2026-05-12 16:20:57,216.9809341430664,0,normal
2026-05-12 16:20:58,237.8520965576172,0,normal
2026-05-12 16:20:59,0.7450580596923828,0,normal
2026-05-12 16:21:00,1.0204315185546875,0,normal
2026-05-12 16:21:01,2.7015209197998047,0,normal
2026-05-12 16:21:03,499.35317039489746,0,normal
2026-05-12 16:21:04,2.1584033966064453,0,normal
2026-05-12 16:21:05,6.182432174682617,0,normal
2026-05-12 16:21:06,0.5576610565185547,0,normal
2026-05-12 16:21:07,1.2047290802001953,0,normal
2026-05-12 16:21:08,219.50912475585938,0,normal
2026-05-12 16:21:09,1.3515949249267578,0,normal
2026-05-12 16:21:10,217.34285354614258,0,normal
2026-05-12 16:21:12,3.3195018768310547,0,normal
2026-05-12 16:21:13,3.270864486694336,0,normal
2026-05-12 16:21:14,221.66204452514648,0,normal
2026-05-12 16:21:15,1.1763572692871094,0,normal
2026-05-12 16:21:16,219.68793869018555,0,normal
2026-05-12 16:21:17,0.6830692291259766,0,normal
2026-05-12 16:21:18,232.53583908081055,0,normal
2026-05-12 16:21:20,250.05626678466797,0,normal
2026-05-12 16:21:21,422.73616790771484,0,normal
2026-05-12 16:21:22,1.306772232055664,0,normal
2026-05-12 16:21:23,1.1146068572998047,0,normal
2026-05-12 16:21:24,1.2612342834472656,0,normal
2026-05-12 16:21:25,1.550436019897461,0,normal
2026-05-12 16:21:26,235.75329780578613,0,normal
2026-05-12 16:21:27,236.48810386657715,0,normal
2026-05-12 16:21:29,205.0173282623291,0,normal
2026-05-12 16:21:30,32.70983695983887,0,normal
2026-05-12 16:21:31,236.64402961730957,0,normal
2026-05-12 16:21:32,1.3210773468017578,0,normal
2026-05-12 16:21:33,1.132965087890625,0,normal
2026-05-12 16:21:34,1.5759468078613281,0,normal
2026-05-12 16:21:35,1.3937950134277344,0,normal
2026-05-12 16:21:36,233.18743705749512,0,normal
2026-05-12 16:21:38,252.4545192718506,0,normal
2026-05-12 16:21:39,1.5883445739746094,0,normal
2026-05-12 16:21:40,1.0683536529541016,0,normal
2026-05-12 16:21:41,423.34914207458496,0,normal
2026-05-12 16:21:42,1.1892318725585938,0,normal
2026-05-12 16:21:43,235.23664474487305,0,normal
2026-05-12 16:21:44,9.642362594604492,0,normal
2026-05-12 16:21:46,469.8026180267334,0,normal
2026-05-12 16:21:47,1.6791820526123047,0,normal
2026-05-12 16:21:48,3.0274391174316406,0,normal
2026-05-12 16:21:49,3.185749053955078,0,normal
2026-05-12 16:21:50,1.9342899322509766,0,normal
2026-05-12 16:21:51,219.62738037109375,0,normal
2026-05-12 16:21:52,222.2461700439453,0,normal
2026-05-12 16:21:53,0.6389617919921875,0,normal
2026-05-12 16:21:54,1.4655590057373047,0,normal
2026-05-12 16:21:56,249.93252754211426,0,normal
2026-05-12 16:21:57,0.6856918334960938,0,normal
2026-05-12 16:21:58,2.0024776458740234,0,normal
2026-05-12 16:21:59,2.233266830444336,0,normal
2026-05-12 16:22:00,1.8355846405029297,0,normal
2026-05-12 16:22:01,1.2707710266113281,0,normal
2026-05-12 16:22:02,235.31579971313477,0,normal
2026-05-12 16:22:03,1.218557357788086,0,normal
2026-05-12 16:22:04,218.57118606567383,0,normal
2026-05-12 16:22:05,236.4029884338379,0,normal
2026-05-12 16:22:07,236.24110221862793,0,normal
2026-05-12 16:22:08,624.7189044952393,0,normal
2026-05-12 16:22:09,0.9756088256835938,0,normal
2026-05-12 16:22:11,316.2539005279541,0,normal
2026-05-12 16:22:12,311.8138313293457,0,normal
2026-05-12 16:22:13,1.546621322631836,0,normal
2026-05-12 16:22:14,0.9357929229736328,0,normal
2026-05-12 16:22:15,248.56042861938477,0,normal
2026-05-12 16:22:16,298.414945602417,0,normal
2026-05-12 16:22:18,332.9503536224365,0,normal
2026-05-12 16:22:19,2.1185874938964844,0,normal
2026-05-12 16:22:20,1.127004623413086,0,normal
2026-05-12 16:22:21,0.9243488311767578,0,normal
2026-05-12 16:22:22,1.3887882232666016,0,normal
2026-05-12 16:22:23,1.3608932495117188,0,normal
2026-05-12 16:22:24,0.5433559417724609,0,normal
2026-05-12 16:22:25,235.35633087158203,0,normal
2026-05-12 16:22:26,0.8642673492431641,0,normal
2026-05-12 16:22:27,1.834869384765625,0,normal
2026-05-12 16:22:28,1.1060237884521484,0,normal
2026-05-12 16:22:29,207.75341987609863,0,normal
2026-05-12 16:22:31,234.78174209594727,0,normal
2026-05-12 16:22:33,979.7279834747314,0,normal
2026-05-12 16:22:34,1.0707378387451172,0,normal
2026-05-12 16:22:35,0.9000301361083984,0,normal
2026-05-12 16:22:36,1.8470287322998047,0,normal
2026-05-12 16:22:37,234.053373336792,0,normal
2026-05-12 16:22:38,233.29877853393555,0,normal
2026-05-12 16:22:39,219.96831893920898,0,normal
2026-05-12 16:22:40,4.662513732910156,0,normal
2026-05-12 16:22:42,218.2905673980713,0,normal
2026-05-12 16:22:43,1.4867782592773438,0,normal
2026-05-12 16:22:44,1.4629364013671875,0,normal
2026-05-12 16:22:45,452.6352882385254,0,normal
2026-05-12 16:22:46,223.62542152404785,0,normal
2026-05-12 16:22:47,1.3053417205810547,0,normal
2026-05-12 16:22:48,1.2564659118652344,0,normal
2026-05-12 16:22:49,1.1284351348876953,0,normal
2026-05-12 16:22:50,6.286144256591797,0,normal
2026-05-12 16:22:52,220.70693969726562,0,normal
2026-05-12 16:22:53,1.5566349029541016,0,normal
2026-05-12 16:22:54,2.915620803833008,0,normal
2026-05-12 16:22:55,1.8186569213867188,0,normal
2026-05-12 16:22:56,205.48534393310547,0,normal
2026-05-12 16:22:57,238.05999755859375,0,normal
2026-05-12 16:22:58,1.4331340789794922,0,normal
2026-05-12 16:22:59,1.2216567993164062,0,normal
2026-05-12 16:23:00,1.7020702362060547,0,normal
2026-05-12 16:23:01,0.7460117340087891,0,normal
2026-05-12 16:23:02,2.189159393310547,0,normal
2026-05-12 16:23:03,1.7669200897216797,0,normal
2026-05-12 16:23:04,0.7054805755615234,0,normal
2026-05-12 16:23:05,0.7307529449462891,0,normal
2026-05-12 16:23:06,0.9140968322753906,0,normal
2026-05-12 16:23:07,0.7662773132324219,0,normal
2026-05-12 16:23:09,232.43308067321777,0,normal
2026-05-12 16:23:10,0.9758472442626953,0,normal
2026-05-12 16:23:11,0.6663799285888672,0,normal
2026-05-12 16:23:12,1.6503334045410156,0,normal
2026-05-12 16:23:13,0.7731914520263672,0,normal
2026-05-12 16:23:14,1.5344619750976562,0,normal
2026-05-12 16:23:15,1.0805130004882812,0,normal
2026-05-12 16:23:16,1.1401176452636719,0,normal
2026-05-12 16:23:17,236.9852066040039,0,normal
2026-05-12 16:23:18,434.8726272583008,0,normal
2026-05-12 16:23:19,1.5819072723388672,0,normal
2026-05-12 16:23:20,1.8029212951660156,0,normal
2026-05-12 16:23:21,1.1026859283447266,0,normal
2026-05-12 16:23:22,1.4948844909667969,0,normal
2026-05-12 16:23:23,19.63949203491211,0,normal
2026-05-12 16:23:24,2.930879592895508,0,normal
2026-05-12 16:23:25,1.2669563293457031,0,normal
2026-05-12 16:23:27,235.0900173187256,0,normal
2026-05-12 16:23:28,1.135110855102539,0,normal
2026-05-12 16:23:29,1.451730728149414,0,normal
2026-05-12 16:23:30,3.309488296508789,0,normal
2026-05-12 16:23:31,233.02698135375977,0,normal
2026-05-12 16:23:32,0.7417201995849609,0,normal
2026-05-12 16:23:33,432.54971504211426,0,normal
2026-05-12 16:23:34,1.420736312866211,0,normal
2026-05-12 16:23:35,1.8165111541748047,0,normal
2026-05-12 16:23:37,436.2523555755615,0,normal
2026-05-12 16:23:38,218.69206428527832,0,normal
2026-05-12 16:23:39,1.0228157043457031,0,normal
2026-05-12 16:23:40,220.47710418701172,0,normal
2026-05-12 16:23:42,235.31603813171387,0,normal
2026-05-12 16:23:43,1.7158985137939453,0,normal
2026-05-12 16:23:44,248.88968467712402,0,normal
2026-05-12 16:23:45,7.080793380737305,0,normal
2026-05-12 16:23:46,1.0807514190673828,0,normal
2026-05-12 16:23:47,0.7829666137695312,0,normal
2026-05-12 16:23:48,252.0601749420166,0,normal
2026-05-12 16:23:49,0.5290508270263672,0,normal
2026-05-12 16:23:50,236.49859428405762,0,normal
2026-05-12 16:23:52,452.3005485534668,0,normal
2026-05-12 16:23:53,468.1839942932129,0,normal
2026-05-12 16:23:54,1.2607574462890625,0,normal
2026-05-12 16:23:56,219.55084800720215,0,normal
2026-05-12 16:23:57,513.9687061309814,0,normal
2026-05-12 16:23:58,2.1886825561523438,0,normal
2026-05-12 16:23:59,236.30285263061523,0,normal
2026-05-12 16:24:00,4.395723342895508,0,normal
2026-05-12 16:24:02,219.27666664123535,0,normal
2026-05-12 16:24:03,0.5738735198974609,0,normal
2026-05-12 16:24:04,0.9925365447998047,0,normal
2026-05-12 16:24:06,1212.9597663879395,0,normal
2026-05-12 16:24:07,0.5304813385009766,0,normal
2026-05-12 16:24:08,0.7119178771972656,0,normal
2026-05-12 16:24:10,702.3553848266602,0,normal
2026-05-12 16:24:11,0.4749298095703125,0,normal
2026-05-12 16:24:13,978.8577556610107,0,normal
2026-05-12 16:24:14,0.8289813995361328,0,normal
2026-05-12 16:24:20,203.8111686706543,0,normal
2026-05-12 16:24:21,438.9345645904541,0,normal
2026-05-12 16:24:22,0.7002353668212891,0,normal
2026-05-12 16:24:23,1.027822494506836,0,normal
2026-05-12 16:24:24,0.6165504455566406,0,normal
2026-05-12 16:24:25,1.1441707611083984,0,normal
2026-05-12 16:24:26,0.9372234344482422,0,normal
2026-05-12 16:24:27,3.1621456146240234,0,normal
2026-05-12 16:24:28,0.5993843078613281,0,normal
2026-05-12 16:24:29,0.44918060302734375,0,normal
2026-05-12 16:24:30,217.38553047180176,0,normal
2026-05-12 16:24:31,3.4797191619873047,0,normal
2026-05-12 16:24:33,0.9233951568603516,0,normal
2026-05-12 16:24:34,1.1334419250488281,0,normal
2026-05-12 16:24:35,2.1431446075439453,0,normal
2026-05-12 16:24:36,233.30330848693848,0,normal
2026-05-12 16:24:37,1.5075206756591797,0,normal
2026-05-12 16:24:38,35.01272201538086,0,normal
2026-05-12 16:24:39,1.1363029479980469,0,normal
2026-05-12 16:24:40,1.3341903686523438,0,normal
2026-05-12 16:24:41,248.00467491149902,0,normal
2026-05-12 16:24:43,472.6250171661377,0,normal
2026-05-12 16:24:44,330.82056045532227,0,normal
2026-05-12 16:24:45,4.263877868652344,0,normal
2026-05-12 16:24:46,1.1746883392333984,0,normal
2026-05-12 16:24:47,0.5581378936767578,0,normal
2026-05-12 16:24:48,4.287004470825195,0,normal
2026-05-12 16:24:49,1.7790794372558594,0,normal
2026-05-12 16:24:50,235.14032363891602,0,normal
2026-05-12 16:24:51,4.163503646850586,0,normal
2026-05-12 16:24:52,1.5628337860107422,0,normal
2026-05-12 16:24:53,1.1107921600341797,0,normal
2026-05-12 16:24:55,233.87408256530762,0,normal
2026-05-12 16:24:56,3.907918930053711,0,normal
2026-05-12 16:24:57,4.096746444702148,0,normal
2026-05-12 16:24:58,2.222776412963867,0,normal
2026-05-12 16:24:59,1.6634464263916016,0,normal
2026-05-12 16:25:00,217.87142753601074,0,normal
2026-05-12 16:25:01,1.2853145599365234,0,normal
2026-05-12 16:25:02,218.06859970092773,0,normal
2026-05-12 16:25:03,4.850149154663086,0,normal
2026-05-12 16:25:04,234.5294952392578,0,normal
2026-05-12 16:25:05,5.0716400146484375,0,normal
2026-05-12 16:25:06,18.027782440185547,0,normal
2026-05-12 16:25:07,1.6632080078125,0,normal
2026-05-12 16:25:09,253.2331943511963,0,normal
2026-05-12 16:25:10,248.94261360168457,0,normal
2026-05-12 16:25:11,234.5592975616455,0,normal
2026-05-12 16:25:12,1.6589164733886719,0,normal
2026-05-12 16:25:13,7.608175277709961,0,normal
2026-05-12 16:25:14,1.1277198791503906,0,normal
2026-05-12 16:25:15,230.47447204589844,0,normal
2026-05-12 16:25:16,8.685111999511719,0,normal
2026-05-12 16:25:18,720.5145359039307,0,normal
2026-05-12 16:25:20,342.8075313568115,0,normal
2026-05-12 16:25:21,0.8459091186523438,0,normal
2026-05-12 16:25:22,3.8061141967773438,0,normal
2026-05-12 16:25:23,496.8886375427246,0,normal
2026-05-12 16:25:24,1.0828971862792969,0,normal
2026-05-12 16:25:25,2.4678707122802734,0,normal
2026-05-12 16:25:27,734.8208427429199,0,normal
2026-05-12 16:25:28,469.0275192260742,0,normal
2026-05-12 16:25:29,1.0764598846435547,0,normal
2026-05-12 16:25:30,1.0309219360351562,0,normal
2026-05-12 16:25:32,217.54837036132812,0,normal
2026-05-12 16:25:33,3.062009811401367,0,normal
2026-05-12 16:25:34,3.361940383911133,0,normal
2026-05-12 16:25:35,2.2170543670654297,0,normal
2026-05-12 16:25:36,1.0733604431152344,0,normal
2026-05-12 16:25:37,1.3463497161865234,0,normal
2026-05-12 16:25:38,217.726469039917,0,normal
2026-05-12 16:25:39,1.0223388671875,0,normal
2026-05-12 16:25:41,752.1815299987793,0,normal
2026-05-12 16:25:42,219.10881996154785,0,normal
2026-05-12 16:25:43,1.1668205261230469,0,normal
2026-05-12 16:25:44,1.0495185852050781,0,normal
2026-05-12 16:25:45,0.9906291961669922,0,normal
2026-05-12 16:25:46,234.3127727508545,0,normal
2026-05-12 16:25:47,220.9632396697998,0,normal
2026-05-12 16:25:48,1.0094642639160156,0,normal
2026-05-12 16:25:49,1.5392303466796875,0,normal
2026-05-12 16:25:50,1.5180110931396484,0,normal
2026-05-12 16:25:52,252.19416618347168,0,normal
2026-05-12 16:25:53,422.5132465362549,0,normal
2026-05-12 16:25:54,3.5500526428222656,0,normal
2026-05-12 16:25:55,0.4324913024902344,0,normal
2026-05-12 16:25:56,1.367330551147461,0,normal
2026-05-12 16:25:57,216.43424034118652,0,normal
2026-05-12 16:25:58,12.022972106933594,0,normal
2026-05-12 16:25:59,4.0493011474609375,0,normal
2026-05-12 16:26:00,0.7746219635009766,0,normal
2026-05-12 16:26:02,207.6735496520996,0,normal
2026-05-12 16:26:03,2.6106834411621094,0,normal
2026-05-12 16:26:04,218.9924716949463,0,normal
2026-05-12 16:26:05,451.60555839538574,0,normal
2026-05-12 16:26:07,221.76241874694824,0,normal
2026-05-12 16:26:08,1.0745525360107422,0,normal
2026-05-12 16:26:09,219.12527084350586,0,normal
2026-05-12 16:26:10,221.4663028717041,0,normal
2026-05-12 16:26:11,1.3506412506103516,0,normal
2026-05-12 16:26:12,1.5485286712646484,0,normal
2026-05-12 16:26:13,1.1584758758544922,0,normal
2026-05-12 16:26:14,3.6187171936035156,0,normal
2026-05-12 16:26:15,232.9885959625244,0,normal
2026-05-12 16:26:16,1.2814998626708984,0,normal
2026-05-12 16:26:17,1.6984939575195312,0,normal
2026-05-12 16:26:18,0.8409023284912109,0,normal
2026-05-12 16:26:20,231.54282569885254,0,normal
2026-05-12 16:26:21,1.6932487487792969,0,normal
2026-05-12 16:26:22,2.094268798828125,0,normal
2026-05-12 16:26:23,0.9493827819824219,0,normal
2026-05-12 16:26:24,0.5748271942138672,0,normal
2026-05-12 16:26:25,3.7970542907714844,0,normal
2026-05-12 16:26:26,230.18813133239746,0,normal
2026-05-12 16:26:27,231.96125030517578,0,normal
2026-05-12 16:26:28,1.142263412475586,0,normal
2026-05-12 16:26:29,223.7246036529541,0,normal
2026-05-12 16:26:31,235.66293716430664,0,normal
2026-05-12 16:26:32,1.7573833465576172,0,normal
2026-05-12 16:26:33,0.980377197265625,0,normal
2026-05-12 16:26:34,1.2736320495605469,0,normal
2026-05-12 16:26:35,232.24782943725586,0,normal
2026-05-12 16:26:36,1.443624496459961,0,normal
2026-05-12 16:26:37,1.4181137084960938,0,normal
2026-05-12 16:26:38,1.0781288146972656,0,normal
2026-05-12 16:26:39,1.157522201538086,0,normal
2026-05-12 16:26:40,435.58716773986816,0,normal
2026-05-12 16:26:42,479.36081886291504,0,normal
2026-05-12 16:26:43,0.5280971527099609,0,normal
2026-05-12 16:26:44,234.76600646972656,0,normal
2026-05-12 16:26:45,2.5937557220458984,0,normal
2026-05-12 16:26:46,0.8966922760009766,0,normal
2026-05-12 16:26:47,229.03037071228027,0,normal
2026-05-12 16:26:49,234.0555191040039,0,normal
2026-05-12 16:26:50,0.9179115295410156,0,normal
2026-05-12 16:26:51,0.8144378662109375,0,normal
2026-05-12 16:26:52,3.4532546997070312,0,normal
2026-05-12 16:26:53,467.5164222717285,0,normal
2026-05-12 16:26:54,3.1414031982421875,0,normal
2026-05-12 16:26:55,231.72831535339355,0,normal
2026-05-12 16:26:56,1.1446475982666016,0,normal
2026-05-12 16:26:58,269.18554306030273,0,normal
2026-05-12 16:26:59,1.2433528900146484,0,normal
2026-05-12 16:27:00,1.1188983917236328,0,normal
2026-05-12 16:27:01,469.6774482727051,0,normal
2026-05-12 16:27:03,232.18727111816406,0,normal
2026-05-12 16:27:04,0.9307861328125,0,normal
2026-05-12 16:27:05,341.533899307251,0,normal
2026-05-12 16:27:06,237.9775047302246,0,normal
2026-05-12 16:27:07,328.71270179748535,0,normal
2026-05-12 16:27:08,0.6051063537597656,0,normal
2026-05-12 16:27:09,2.0694732666015625,0,normal
2026-05-12 16:27:11,0.9939670562744141,0,normal
2026-05-12 16:27:12,232.65695571899414,0,normal
2026-05-12 16:27:13,715.8682346343994,0,normal
2026-05-12 16:27:14,3.4182071685791016,0,normal
2026-05-12 16:27:16,1.2280941009521484,0,normal
2026-05-12 16:27:17,0.7266998291015625,0,normal
2026-05-12 16:27:18,3.771543502807617,0,normal
2026-05-12 16:27:19,3.3638477325439453,0,normal
2026-05-12 16:27:20,1.9974708557128906,0,normal
2026-05-12 16:27:21,234.62915420532227,0,normal
2026-05-12 16:27:22,2.201557159423828,0,normal
2026-05-12 16:27:23,265.5148506164551,0,normal
2026-05-12 16:27:24,0.7898807525634766,0,normal
2026-05-12 16:27:25,234.75122451782227,0,normal
2026-05-12 16:27:27,294.8470115661621,0,normal
2026-05-12 16:27:28,0.8003711700439453,0,normal
2026-05-12 16:27:29,496.3862895965576,0,normal
2026-05-12 16:27:30,2.6547908782958984,0,normal
2026-05-12 16:27:32,466.829776763916,0,normal
2026-05-12 16:27:33,2.2933483123779297,0,normal
2026-05-12 16:27:34,264.9672031402588,0,normal
2026-05-12 16:27:35,483.04152488708496,0,normal
2026-05-12 16:27:37,236.10997200012207,0,normal
2026-05-12 16:27:38,1.5704631805419922,0,normal
2026-05-12 16:27:39,0.4525184631347656,0,normal
2026-05-12 16:27:40,233.0470085144043,0,normal
2026-05-12 16:27:41,0.5340576171875,0,normal
2026-05-12 16:27:42,231.22167587280273,0,normal
2026-05-12 16:27:43,1.3196468353271484,0,normal
2026-05-12 16:27:45,300.01068115234375,0,normal
2026-05-12 16:27:46,1.5933513641357422,0,normal
2026-05-12 16:27:47,233.35862159729004,0,normal
2026-05-12 16:27:48,1.7693042755126953,0,normal
2026-05-12 16:27:49,234.79485511779785,0,normal
2026-05-12 16:27:50,252.69699096679688,0,normal
2026-05-12 16:27:52,251.51371955871582,0,normal
2026-05-12 16:27:53,234.2667579650879,0,normal
2026-05-12 16:27:54,1.0154247283935547,0,normal
2026-05-12 16:27:55,235.96525192260742,0,normal
2026-05-12 16:27:56,2.329111099243164,0,normal
2026-05-12 16:27:57,233.89530181884766,0,normal
2026-05-12 16:27:58,1.0552406311035156,0,normal
2026-05-12 16:28:00,611.1979484558105,0,normal
2026-05-12 16:28:02,749.9053478240967,0,normal
2026-05-12 16:28:03,0.5888938903808594,0,normal
2026-05-12 16:28:04,1.0197162628173828,0,normal
2026-05-12 16:28:05,1.5184879302978516,0,normal
2026-05-12 16:28:06,1.4960765838623047,0,normal
2026-05-12 16:28:07,1.043081283569336,0,normal
2026-05-12 16:28:08,2.789020538330078,0,normal
2026-05-12 16:28:09,2.019643783569336,0,normal
2026-05-12 16:28:10,1.9919872283935547,0,normal
2026-05-12 16:28:11,231.92691802978516,0,normal
2026-05-12 16:28:12,1.2784004211425781,0,normal
2026-05-12 16:28:13,1.5075206756591797,0,normal
2026-05-12 16:28:14,8.353233337402344,0,normal
2026-05-12 16:28:15,230.01337051391602,0,normal
2026-05-12 16:28:17,470.3078269958496,0,normal
2026-05-12 16:28:18,0.5247592926025391,0,normal
2026-05-12 16:28:19,0.5960464477539062,0,normal
2026-05-12 16:28:20,6.087779998779297,0,normal
2026-05-12 16:28:21,1.9297599792480469,0,normal
2026-05-12 16:28:22,0.5576610565185547,0,normal
2026-05-12 16:28:23,1.2590885162353516,0,normal
2026-05-12 16:28:24,0.6387233734130859,0,normal
2026-05-12 16:28:25,232.96189308166504,0,normal
2026-05-12 16:28:26,2.7441978454589844,0,normal
2026-05-12 16:28:27,235.55636405944824,0,normal
2026-05-12 16:28:29,482.00178146362305,0,normal
2026-05-12 16:28:30,232.6679229736328,0,normal
2026-05-12 16:28:31,1.9252300262451172,0,normal
2026-05-12 16:28:32,1.4302730560302734,0,normal
2026-05-12 16:28:33,0.5383491516113281,0,normal
2026-05-12 16:28:34,1.0936260223388672,0,normal
2026-05-12 16:28:35,0.8363723754882812,0,normal
2026-05-12 16:28:36,216.18318557739258,0,normal
2026-05-12 16:28:38,238.54875564575195,0,normal
2026-05-12 16:28:39,235.5632781982422,0,normal
2026-05-12 16:28:40,1.172780990600586,0,normal
2026-05-12 16:28:41,233.33263397216797,0,normal
2026-05-12 16:28:42,233.75606536865234,0,normal
2026-05-12 16:28:43,2.3882389068603516,0,normal
2026-05-12 16:28:44,0.8225440979003906,0,normal
2026-05-12 16:28:45,1.058816909790039,0,normal
2026-05-12 16:28:46,0.8270740509033203,0,normal
2026-05-12 16:28:48,219.4967269897461,0,normal
2026-05-12 16:28:49,1.9233226776123047,0,normal
2026-05-12 16:28:50,1.1143684387207031,0,normal
2026-05-12 16:28:51,1.7952919006347656,0,normal
2026-05-12 16:28:52,2.0122528076171875,0,normal
2026-05-12 16:28:53,1.1250972747802734,0,normal
2026-05-12 16:28:54,1.1069774627685547,0,normal
2026-05-12 16:28:55,211.52162551879883,0,normal
2026-05-12 16:28:56,0.5898475646972656,0,normal
2026-05-12 16:28:57,1.3766288757324219,0,normal
2026-05-12 16:28:58,217.99063682556152,0,normal
2026-05-12 16:28:59,1.4395713806152344,0,normal
2026-05-12 16:29:00,234.72285270690918,0,normal
2026-05-12 16:29:02,218.6422348022461,0,normal
2026-05-12 16:29:03,1.4820098876953125,0,normal
2026-05-12 16:29:04,2.9358863830566406,0,normal
2026-05-12 16:29:05,671.7767715454102,0,normal
2026-05-12 16:29:06,1.462697982788086,0,normal
2026-05-12 16:29:07,8.531808853149414,0,normal
2026-05-12 16:29:08,1.062154769897461,0,normal
2026-05-12 16:29:09,1.4657974243164062,0,normal
2026-05-12 16:29:10,1.7042160034179688,0,normal
2026-05-12 16:29:11,9.353876113891602,0,normal
2026-05-12 16:29:13,7.799863815307617,0,normal
2026-05-12 16:29:14,2.335071563720703,0,normal
2026-05-12 16:29:15,1.0039806365966797,0,normal
2026-05-12 16:29:16,0.9872913360595703,0,normal
2026-05-12 16:29:17,1.4190673828125,0,normal
2026-05-12 16:29:18,219.1624641418457,0,normal
2026-05-12 16:29:19,1.15203857421875,0,normal
2026-05-12 16:29:20,1.9826889038085938,0,normal
2026-05-12 16:29:21,1.3539791107177734,0,normal
2026-05-12 16:29:22,1.516103744506836,0,normal
2026-05-12 16:29:23,0.5738735198974609,0,normal
2026-05-12 16:29:25,692.589521408081,0,normal
2026-05-12 16:29:26,2.1026134490966797,0,normal
2026-05-12 16:29:27,0.5037784576416016,0,normal
2026-05-12 16:29:28,233.94250869750977,0,normal
2026-05-12 16:29:29,1.455068588256836,0,normal
2026-05-12 16:29:30,218.61934661865234,0,normal
2026-05-12 16:29:31,223.50525856018066,0,normal
2026-05-12 16:29:32,1.2662410736083984,0,normal
2026-05-12 16:29:34,233.69503021240234,0,normal
2026-05-12 16:29:35,234.38286781311035,0,normal
2026-05-12 16:29:36,0.9119510650634766,0,normal
2026-05-12 16:29:37,234.4954013824463,0,normal
2026-05-12 16:29:38,1.8000602722167969,0,normal
2026-05-12 16:29:39,0.7927417755126953,0,normal
2026-05-12 16:29:40,217.4367904663086,0,normal
2026-05-12 16:29:41,1.7592906951904297,0,normal
2026-05-12 16:29:42,1.6567707061767578,0,normal
2026-05-12 16:29:43,0.5612373352050781,0,normal
2026-05-12 16:29:45,438.3254051208496,0,normal
2026-05-12 16:29:46,0.8573532104492188,0,normal
2026-05-12 16:29:47,232.9268455505371,0,normal
2026-05-12 16:29:48,2.277851104736328,0,normal
2026-05-12 16:29:49,1.0535717010498047,0,normal
2026-05-12 16:29:50,1.1789798736572266,0,normal
2026-05-12 16:29:51,1.2040138244628906,0,normal
2026-05-12 16:29:52,238.42859268188477,0,normal
2026-05-12 16:29:53,1.2493133544921875,0,normal
2026-05-12 16:29:54,1.2047290802001953,0,normal
2026-05-12 16:29:55,1.6484260559082031,0,normal
2026-05-12 16:29:56,1.1975765228271484,0,normal
2026-05-12 16:29:57,1.0919570922851562,0,normal
2026-05-12 16:29:58,0.8177757263183594,0,normal
2026-05-12 16:29:59,1.4908313751220703,0,normal
2026-05-12 16:30:01,234.77792739868164,0,normal
2026-05-12 16:30:02,251.2032985687256,0,normal
2026-05-12 16:30:03,0.4749298095703125,0,normal
2026-05-12 16:30:04,1.6431808471679688,0,normal
2026-05-12 16:30:05,221.11797332763672,0,normal
2026-05-12 16:30:06,1.1019706726074219,0,normal
2026-05-12 16:30:07,235.06474494934082,0,normal
2026-05-12 16:30:09,284.2116355895996,0,normal
2026-05-12 16:30:10,0.484466552734375,0,normal
2026-05-12 16:30:11,0.5626678466796875,0,normal
2026-05-12 16:30:12,4.92548942565918,0,normal
2026-05-12 16:30:13,1.0750293731689453,0,normal
2026-05-12 16:30:14,1.226663589477539,0,normal
2026-05-12 16:30:15,235.3799343109131,0,normal
2026-05-12 16:30:16,2.656698226928711,0,normal
2026-05-12 16:30:17,3.7412643432617188,0,normal
2026-05-12 16:30:18,2.14385986328125,0,normal
2026-05-12 16:30:19,0.6203651428222656,0,normal
2026-05-12 16:30:20,1.3935565948486328,0,normal
2026-05-12 16:30:21,1.1246204376220703,0,normal
2026-05-12 16:30:23,436.60759925842285,0,normal
2026-05-12 16:30:24,0.6840229034423828,0,normal
2026-05-12 16:30:25,668.9596176147461,0,normal
2026-05-12 16:30:26,1.1246204376220703,0,normal
2026-05-12 16:30:27,219.49172019958496,0,normal
2026-05-12 16:30:28,0.7512569427490234,0,normal
2026-05-12 16:30:29,1.8923282623291016,0,normal
2026-05-12 16:30:30,0.5962848663330078,0,normal
2026-05-12 16:30:32,2.037525177001953,0,normal
2026-05-12 16:30:33,236.12499237060547,0,normal
2026-05-12 16:30:34,220.2003002166748,0,normal
2026-05-12 16:30:35,0.7984638214111328,0,normal
2026-05-12 16:30:36,0.9407997131347656,0,normal
2026-05-12 16:30:37,1.973867416381836,0,normal
2026-05-12 16:30:38,1.4145374298095703,0,normal
2026-05-12 16:30:39,3.119230270385742,0,normal
2026-05-12 16:30:40,219.57015991210938,0,normal
2026-05-12 16:30:41,0.6268024444580078,0,normal
2026-05-12 16:30:42,1.1951923370361328,0,normal
2026-05-12 16:30:43,1.1355876922607422,0,normal
2026-05-12 16:30:44,0.6196498870849609,0,normal
2026-05-12 16:30:46,220.32761573791504,0,normal
2026-05-12 16:30:47,1.2204647064208984,0,normal
2026-05-12 16:30:48,250.6568431854248,0,normal
2026-05-12 16:30:49,1.3294219970703125,0,normal
2026-05-12 16:30:50,250.54240226745605,0,normal
2026-05-12 16:30:51,1.2786388397216797,0,normal
2026-05-12 16:30:52,236.6328239440918,0,normal
2026-05-12 16:30:53,0.8072853088378906,0,normal
2026-05-12 16:30:55,231.5518856048584,0,normal
2026-05-12 16:30:56,2.5200843811035156,0,normal
2026-05-12 16:30:57,1.2319087982177734,0,normal
2026-05-12 16:30:58,210.53528785705566,0,normal
2026-05-12 16:30:59,232.11002349853516,0,normal
2026-05-12 16:31:01,466.4614200592041,0,normal
2026-05-12 16:31:02,236.05942726135254,0,normal
2026-05-12 16:31:03,2.095937728881836,0,normal
2026-05-12 16:31:04,1.4941692352294922,0,normal
2026-05-12 16:31:05,247.00093269348145,0,normal
2026-05-12 16:31:06,0.8683204650878906,0,normal
2026-05-12 16:31:07,1.4879703521728516,0,normal
2026-05-12 16:31:08,0.6287097930908203,0,normal
2026-05-12 16:31:09,232.0702075958252,0,normal
2026-05-12 16:31:10,1.0547637939453125,0,normal
2026-05-12 16:31:12,236.20176315307617,0,normal
2026-05-12 16:31:13,1.220703125,0,normal
2026-05-12 16:31:14,1.4214515686035156,0,normal
2026-05-12 16:31:15,1.5118122100830078,0,normal
2026-05-12 16:31:16,0.5536079406738281,0,normal
2026-05-12 16:31:17,3.816843032836914,0,normal
2026-05-12 16:31:18,3.6830902099609375,0,normal
2026-05-12 16:31:19,239.81451988220215,0,normal
2026-05-12 16:31:20,231.37736320495605,0,normal
2026-05-12 16:31:21,241.0886287689209,0,normal
2026-05-12 16:31:22,0.5614757537841797,0,normal
2026-05-12 16:31:23,1.2614727020263672,0,normal
2026-05-12 16:31:25,217.90456771850586,0,normal
2026-05-12 16:31:26,219.62785720825195,0,normal
2026-05-12 16:31:27,1.6770362854003906,0,normal
2026-05-12 16:31:28,1.3713836669921875,0,normal
2026-05-12 16:31:29,205.19685745239258,0,normal
2026-05-12 16:31:30,219.60186958312988,0,normal
2026-05-12 16:31:32,667.3517227172852,0,normal
2026-05-12 16:31:33,217.99683570861816,0,normal
2026-05-12 16:31:35,220.01409530639648,0,normal
2026-05-12 16:31:36,2.5196075439453125,0,normal
2026-05-12 16:31:37,218.3074951171875,0,normal
2026-05-12 16:31:38,1.0311603546142578,0,normal
2026-05-12 16:31:39,218.94025802612305,0,normal
2026-05-12 16:31:40,0.5495548248291016,0,normal
2026-05-12 16:31:41,0.5228519439697266,0,normal
2026-05-12 16:31:42,234.83800888061523,0,normal
2026-05-12 16:31:43,1.0805130004882812,0,normal
2026-05-12 16:31:44,0.4591941833496094,0,normal
2026-05-12 16:31:45,1.9779205322265625,0,normal
2026-05-12 16:31:47,206.2387466430664,0,normal
2026-05-12 16:31:48,465.7425880432129,0,normal
2026-05-12 16:31:49,1.0554790496826172,0,normal
2026-05-12 16:31:50,1.8763542175292969,0,normal
2026-05-12 16:31:51,1.74713134765625,0,normal
2026-05-12 16:31:53,468.6601161956787,0,normal
2026-05-12 16:31:54,0.8385181427001953,0,normal
2026-05-12 16:31:55,2.631664276123047,0,normal
2026-05-12 16:31:56,0.6568431854248047,0,normal
2026-05-12 16:31:57,217.40150451660156,0,normal
2026-05-12 16:31:58,3.1642913818359375,0,normal
2026-05-12 16:31:59,236.21702194213867,0,normal
2026-05-12 16:32:00,31.18133544921875,0,normal
2026-05-12 16:32:01,0.7219314575195312,0,normal
2026-05-12 16:32:02,2.1097660064697266,0,normal
2026-05-12 16:32:03,1.1456012725830078,0,normal
2026-05-12 16:32:04,203.74536514282227,0,normal
2026-05-12 16:32:05,1.107931137084961,0,normal
2026-05-12 16:32:06,2.5141239166259766,0,normal
2026-05-12 16:32:08,223.16503524780273,0,normal
2026-05-12 16:32:09,235.95404624938965,0,normal
2026-05-12 16:32:11,716.620922088623,0,normal
2026-05-12 16:32:12,236.30642890930176,0,normal
2026-05-12 16:32:13,0.5812644958496094,0,normal
2026-05-12 16:32:14,532.1507453918457,0,normal
2026-05-12 16:32:16,220.19529342651367,0,normal
2026-05-12 16:32:17,0.8032321929931641,0,normal
2026-05-12 16:32:18,3.3881664276123047,0,normal
2026-05-12 16:32:19,0.7600784301757812,0,normal
2026-05-12 16:32:20,4.032373428344727,0,normal
2026-05-12 16:32:21,2.373218536376953,0,normal
2026-05-12 16:32:22,542.9444313049316,0,normal
2026-05-12 16:32:24,234.90023612976074,0,normal
2026-05-12 16:32:25,1.1568069458007812,0,normal
2026-05-12 16:32:26,233.58964920043945,0,normal
2026-05-12 16:32:27,574.331521987915,0,normal
2026-05-12 16:32:28,0.7565021514892578,0,normal
2026-05-12 16:32:29,1.5587806701660156,0,normal
2026-05-12 16:32:31,297.6651191711426,0,normal
2026-05-12 16:32:32,2.0215511322021484,0,normal
2026-05-12 16:32:33,2.3980140686035156,0,normal
2026-05-12 16:32:34,1.7294883728027344,0,normal
2026-05-12 16:32:35,1.1222362518310547,0,normal
2026-05-12 16:32:36,232.11359977722168,0,normal
2026-05-12 16:32:37,298.0208396911621,0,normal
2026-05-12 16:32:38,1.5654563903808594,0,normal
2026-05-12 16:32:40,233.25777053833008,0,normal
2026-05-12 16:32:41,1.8105506896972656,0,normal
2026-05-12 16:32:42,284.4576835632324,0,normal
2026-05-12 16:32:43,502.3369789123535,0,normal
2026-05-12 16:32:44,0.4410743713378906,0,normal
2026-05-12 16:32:46,234.10797119140625,0,normal
2026-05-12 16:32:47,6.260871887207031,0,normal
2026-05-12 16:32:48,2.657175064086914,0,normal
2026-05-12 16:32:49,2.460479736328125,0,normal
2026-05-12 16:32:50,267.2905921936035,0,normal
2026-05-12 16:32:51,2.820253372192383,0,normal
2026-05-12 16:32:52,237.23649978637695,0,normal
2026-05-12 16:32:54,238.5392189025879,0,normal
2026-05-12 16:32:55,2.785921096801758,0,normal
2026-05-12 16:32:56,1.2135505676269531,0,normal
2026-05-12 16:32:57,254.29821014404297,0,normal
2026-05-12 16:32:58,1.5366077423095703,0,normal
2026-05-12 16:32:59,1.773834228515625,0,normal
2026-05-12 16:33:00,1.9309520721435547,0,normal
2026-05-12 16:33:01,220.57294845581055,0,normal
2026-05-12 16:33:02,221.04787826538086,0,normal
2026-05-12 16:33:03,1.718759536743164,0,normal
2026-05-12 16:33:04,5.395174026489258,0,normal
2026-05-12 16:33:05,0.9198188781738281,0,normal
2026-05-12 16:33:06,0.5383491516113281,0,normal
2026-05-12 16:33:07,1.2044906616210938,0,normal
2026-05-12 16:33:08,2.6595592498779297,0,normal
2026-05-12 16:33:09,0.9300708770751953,0,normal
2026-05-12 16:33:10,2.285003662109375,0,normal
2026-05-12 16:33:12,468.9056873321533,0,normal
2026-05-12 16:33:13,1.5838146209716797,0,normal
2026-05-12 16:33:14,1.3804435729980469,0,normal
2026-05-12 16:33:15,1.2660026550292969,0,normal
2026-05-12 16:33:16,1.5690326690673828,0,normal
2026-05-12 16:33:17,220.73698043823242,0,normal
2026-05-12 16:33:18,1.5075206756591797,0,normal
2026-05-12 16:33:20,650.5506038665771,0,normal
2026-05-12 16:33:21,2.1877288818359375,0,normal
2026-05-12 16:33:22,217.13852882385254,0,normal
2026-05-12 16:33:23,234.76123809814453,0,normal
2026-05-12 16:33:25,716.5720462799072,0,normal
2026-05-12 16:33:26,1.8029212951660156,0,normal
2026-05-12 16:33:27,234.48777198791504,0,normal
2026-05-12 16:33:29,688.2646083831787,0,normal
2026-05-12 16:33:30,1.6322135925292969,0,normal
2026-05-12 16:33:31,205.98721504211426,0,normal
2026-05-12 16:33:32,206.16483688354492,0,normal
2026-05-12 16:33:34,297.57070541381836,0,normal
2026-05-12 16:33:35,268.50104331970215,0,normal
2026-05-12 16:33:36,1.1553764343261719,0,normal
2026-05-12 16:33:37,1.7762184143066406,0,normal
2026-05-12 16:33:38,1.4350414276123047,0,normal
2026-05-12 16:33:39,1.0437965393066406,0,normal
2026-05-12 16:33:40,1.8682479858398438,0,normal
2026-05-12 16:33:41,3.2701492309570312,0,normal
2026-05-12 16:33:42,1.3279914855957031,0,normal
2026-05-12 16:33:43,234.4205379486084,0,normal
2026-05-12 16:33:44,1.8117427825927734,0,normal
2026-05-12 16:33:46,218.90783309936523,0,normal
2026-05-12 16:33:47,235.14318466186523,0,normal
2026-05-12 16:33:48,1.7468929290771484,0,normal
2026-05-12 16:33:49,1.0209083557128906,0,normal
2026-05-12 16:33:50,234.21978950500488,0,normal
2026-05-12 16:33:51,237.08271980285645,0,normal
2026-05-12 16:33:52,1.1112689971923828,0,normal
2026-05-12 16:33:53,1.590728759765625,0,normal
2026-05-12 16:33:54,1.215219497680664,0,normal
2026-05-12 16:33:56,668.5168743133545,0,normal
2026-05-12 16:33:57,271.3136672973633,0,normal
2026-05-12 16:33:59,252.5796890258789,0,normal
2026-05-12 16:34:00,1.422882080078125,0,normal
2026-05-12 16:34:01,3.8874149322509766,0,normal
2026-05-12 16:34:02,251.2798309326172,0,normal
2026-05-12 16:34:03,3.7462711334228516,0,normal
2026-05-12 16:34:04,1.199960708618164,0,normal
2026-05-12 16:34:05,1.3532638549804688,0,normal
2026-05-12 16:34:06,1.4247894287109375,0,normal
2026-05-12 16:34:07,0.9377002716064453,0,normal
2026-05-12 16:34:08,454.14066314697266,0,normal
2026-05-12 16:34:09,0.9562969207763672,0,normal
2026-05-12 16:34:11,219.01226043701172,0,normal
2026-05-12 16:34:12,439.07785415649414,0,normal
2026-05-12 16:34:14,446.4402198791504,0,normal
2026-05-12 16:34:15,1.0833740234375,0,normal
2026-05-12 16:34:16,0.7433891296386719,0,normal
2026-05-12 16:34:17,436.5513324737549,0,normal
2026-05-12 16:34:18,1.583099365234375,0,normal
2026-05-12 16:34:19,3.3898353576660156,0,normal
2026-05-12 16:34:21,444.5147514343262,0,normal
2026-05-12 16:34:22,1.039743423461914,0,normal
2026-05-12 16:34:23,1.1692047119140625,0,normal
2026-05-12 16:34:24,0.5884170532226562,0,normal
2026-05-12 16:34:25,1.069784164428711,0,normal
2026-05-12 16:34:26,232.74493217468262,0,normal
2026-05-12 16:34:27,226.4854907989502,0,normal
2026-05-12 16:34:29,706.402063369751,0,normal
2026-05-12 16:34:30,204.3745517730713,0,normal
2026-05-12 16:34:31,232.98120498657227,0,normal
2026-05-12 16:34:32,1.0781288146972656,0,normal
2026-05-12 16:34:33,1.6052722930908203,0,normal
2026-05-12 16:34:34,219.91682052612305,0,normal
2026-05-12 16:34:35,1.2221336364746094,0,normal
2026-05-12 16:34:36,1.0373592376708984,0,normal
2026-05-12 16:34:38,1.2087821960449219,0,normal
2026-05-12 16:34:39,1.7237663269042969,0,normal
2026-05-12 16:34:40,2.3908615112304688,0,normal
2026-05-12 16:34:41,1.369476318359375,0,normal
2026-05-12 16:34:42,234.6785068511963,0,normal
2026-05-12 16:34:43,1.0306835174560547,0,normal
2026-05-12 16:34:44,2.239227294921875,0,normal
2026-05-12 16:34:45,1.3360977172851562,0,normal
2026-05-12 16:34:46,0.6222724914550781,0,normal
2026-05-12 16:34:47,0.99945068359375,0,normal
2026-05-12 16:34:48,3.695964813232422,0,normal
2026-05-12 16:34:49,3.4236907958984375,0,normal
2026-05-12 16:34:50,2.687692642211914,0,normal
2026-05-12 16:34:51,1.8939971923828125,0,normal
2026-05-12 16:34:52,1.3804435729980469,0,normal
2026-05-12 16:34:53,1.119852066040039,0,normal
2026-05-12 16:34:54,234.09390449523926,0,normal
2026-05-12 16:34:55,0.6401538848876953,0,normal
2026-05-12 16:34:56,1.1539459228515625,0,normal
2026-05-12 16:34:57,1.344919204711914,0,normal
2026-05-12 16:34:58,218.4600830078125,0,normal
2026-05-12 16:35:00,215.51871299743652,0,normal
2026-05-12 16:35:01,1.3391971588134766,0,normal
2026-05-12 16:35:02,1.2679100036621094,0,normal
2026-05-12 16:35:03,1.0867118835449219,0,normal
2026-05-12 16:35:04,1.44195556640625,0,normal
2026-05-12 16:35:05,231.90832138061523,0,normal
2026-05-12 16:35:06,220.82281112670898,0,normal
2026-05-12 16:35:07,0.9920597076416016,0,normal
2026-05-12 16:35:08,1.4986991882324219,0,normal
2026-05-12 16:35:09,2.004384994506836,0,normal
2026-05-12 16:35:10,1.804351806640625,0,normal
2026-05-12 16:35:11,1.0902881622314453,0,normal
2026-05-12 16:35:12,1.0645389556884766,0,normal
2026-05-12 16:35:13,2.3369789123535156,0,normal
2026-05-12 16:35:14,1.3942718505859375,0,normal
2026-05-12 16:35:15,0.5831718444824219,0,normal
2026-05-12 16:35:16,2.1295547485351562,0,normal
2026-05-12 16:35:18,468.1529998779297,0,normal
2026-05-12 16:35:19,1.6140937805175781,0,normal
2026-05-12 16:35:20,222.73945808410645,0,normal
2026-05-12 16:35:21,4.433155059814453,0,normal
2026-05-12 16:35:22,1.8320083618164062,0,normal
2026-05-12 16:35:23,3.773927688598633,0,normal
2026-05-12 16:35:24,3.5996437072753906,0,normal
2026-05-12 16:35:25,7.958889007568359,0,normal
2026-05-12 16:35:27,468.10030937194824,0,normal
2026-05-12 16:35:28,2.1390914916992188,0,normal
2026-05-12 16:35:29,1.1992454528808594,0,normal
2026-05-12 16:35:30,234.3449592590332,0,normal
2026-05-12 16:35:31,1.689910888671875,0,normal
2026-05-12 16:35:34,1890.5830383300781,0,normal
2026-05-12 16:35:35,1.2736320495605469,0,normal
2026-05-12 16:35:36,1.192331314086914,0,normal
2026-05-12 16:35:37,1.0449886322021484,0,normal
2026-05-12 16:35:38,236.62638664245605,0,normal
2026-05-12 16:35:40,424.7326850891113,0,normal
2026-05-12 16:35:41,1.3396739959716797,0,normal
2026-05-12 16:35:42,1.1341571807861328,0,normal
2026-05-12 16:35:43,216.8722152709961,0,normal
2026-05-12 16:35:44,0.637054443359375,0,normal
2026-05-12 16:35:45,0.6344318389892578,0,normal
2026-05-12 16:35:46,204.6213150024414,0,normal
2026-05-12 16:35:47,4.659891128540039,0,normal
2026-05-12 16:35:48,216.86744689941406,0,normal
2026-05-12 16:35:50,237.94102668762207,0,normal
2026-05-12 16:35:51,7.591009140014648,0,normal
2026-05-12 16:35:52,6.318092346191406,0,normal
2026-05-12 16:35:53,1.6217231750488281,0,normal
2026-05-12 16:35:54,5.206108093261719,0,normal
2026-05-12 16:35:55,0.904083251953125,0,normal
2026-05-12 16:35:56,212.79430389404297,0,normal
2026-05-12 16:35:57,1.4770030975341797,0,normal
2026-05-12 16:35:58,1.4190673828125,0,normal
2026-05-12 16:35:59,3.1805038452148438,0,normal
2026-05-12 16:36:00,0.7219314575195312,0,normal
2026-05-12 16:36:01,0.8153915405273438,0,normal
2026-05-12 16:36:02,1.028299331665039,0,normal
2026-05-12 16:36:03,0.9427070617675781,0,normal
2026-05-12 16:36:04,235.05616188049316,0,normal
2026-05-12 16:36:05,2.393960952758789,0,normal
2026-05-12 16:36:06,235.34107208251953,0,normal
2026-05-12 16:36:08,219.3150520324707,0,normal
2026-05-12 16:36:09,4.477739334106445,0,normal
2026-05-12 16:36:10,450.3631591796875,0,normal
2026-05-12 16:36:11,1.203775405883789,0,normal
2026-05-12 16:36:12,1.1868476867675781,0,normal
2026-05-12 16:36:13,1.146078109741211,0,normal
2026-05-12 16:36:14,0.9644031524658203,0,normal
2026-05-12 16:36:15,1.4293193817138672,0,normal
2026-05-12 16:36:16,1.2273788452148438,0,normal
2026-05-12 16:36:17,0.7190704345703125,0,normal
2026-05-12 16:36:18,1.5726089477539062,0,normal
2026-05-12 16:36:19,219.33436393737793,0,normal
2026-05-12 16:36:21,247.84398078918457,0,normal
2026-05-12 16:36:22,1.775979995727539,0,normal
2026-05-12 16:36:23,0.9586811065673828,0,normal
2026-05-12 16:36:24,1.6274452209472656,0,normal
2026-05-12 16:36:25,1.9886493682861328,0,normal
2026-05-12 16:36:26,33.73980522155762,0,normal
2026-05-12 16:36:27,1.4998912811279297,0,normal
2026-05-12 16:36:28,1.6484260559082031,0,normal
2026-05-12 16:36:29,0.7290840148925781,0,normal
2026-05-12 16:36:30,219.53630447387695,0,normal
2026-05-12 16:36:31,235.0621223449707,0,normal
2026-05-12 16:36:33,266.0527229309082,0,normal
2026-05-12 16:36:34,1.4982223510742188,0,normal
2026-05-12 16:36:35,1.1131763458251953,0,normal
2026-05-12 16:36:36,235.0168228149414,0,normal
2026-05-12 16:36:37,247.68638610839844,0,normal
2026-05-12 16:36:38,0.5326271057128906,0,normal
2026-05-12 16:36:39,4.00233268737793,0,normal
2026-05-12 16:36:40,1.772165298461914,0,normal
2026-05-12 16:36:41,2.2237300872802734,0,normal
2026-05-12 16:36:42,1.1200904846191406,0,normal
2026-05-12 16:36:43,227.66423225402832,0,normal
2026-05-12 16:36:44,0.8423328399658203,0,normal
2026-05-12 16:36:45,0.9274482727050781,0,normal
2026-05-12 16:36:47,248.6286163330078,0,normal
2026-05-12 16:36:48,0.8556842803955078,0,normal
2026-05-12 16:36:49,1.279592514038086,0,normal
2026-05-12 16:36:50,1.18255615234375,0,normal
2026-05-12 16:36:51,1.5888214111328125,0,normal
2026-05-12 16:36:52,0.9534358978271484,0,normal
2026-05-12 16:36:53,1.3620853424072266,0,normal
2026-05-12 16:36:54,237.13397979736328,0,normal
2026-05-12 16:36:55,6.157636642456055,0,normal
2026-05-12 16:36:56,1.6486644744873047,0,normal
2026-05-12 16:36:57,214.57719802856445,0,normal
2026-05-12 16:36:58,0.8823871612548828,0,normal
2026-05-12 16:37:00,206.8161964416504,0,normal
2026-05-12 16:37:01,220.2134132385254,0,normal
2026-05-12 16:37:02,1.645803451538086,0,normal
2026-05-12 16:37:03,1.1813640594482422,0,normal
2026-05-12 16:37:04,235.14485359191895,0,normal
2026-05-12 16:37:05,232.67054557800293,0,normal
2026-05-12 16:37:06,1.0864734649658203,0,normal
2026-05-12 16:37:07,1.0492801666259766,0,normal
2026-05-12 16:37:08,1.1920928955078125,0,normal
2026-05-12 16:37:09,1.6369819641113281,0,normal
2026-05-12 16:37:10,1.1882781982421875,0,normal
2026-05-12 16:37:11,0.942230224609375,0,normal
2026-05-12 16:37:12,0.9431838989257812,0,normal
2026-05-12 16:37:13,1.9834041595458984,0,normal
2026-05-12 16:37:15,218.7490463256836,0,normal
2026-05-12 16:37:16,220.3233242034912,0,normal
2026-05-12 16:37:17,1.2733936309814453,0,normal
2026-05-12 16:37:18,1.3272762298583984,0,normal
2026-05-12 16:37:19,218.25098991394043,0,normal
2026-05-12 16:37:20,0.9937286376953125,0,normal
2026-05-12 16:37:21,236.00220680236816,0,normal
2026-05-12 16:37:22,17.510652542114258,0,normal
2026-05-12 16:37:24,453.4914493560791,0,normal
2026-05-12 16:37:25,1.7228126525878906,0,normal
2026-05-12 16:37:26,2.069711685180664,0,normal
2026-05-12 16:37:27,0.6186962127685547,0,normal
2026-05-12 16:37:28,1.344919204711914,0,normal
2026-05-12 16:37:29,219.31886672973633,0,normal
2026-05-12 16:37:30,2.1445751190185547,0,normal
2026-05-12 16:37:32,706.331729888916,0,normal
2026-05-12 16:37:33,483.43729972839355,0,normal
2026-05-12 16:37:34,0.7364749908447266,0,normal
2026-05-12 16:37:35,0.7789134979248047,0,normal
2026-05-12 16:37:36,0.7581710815429688,0,normal
2026-05-12 16:37:37,1.506805419921875,0,normal
2026-05-12 16:37:38,1.299142837524414,0,normal
2026-05-12 16:37:39,2.1524429321289062,0,normal
2026-05-12 16:37:40,2.824544906616211,0,normal
2026-05-12 16:37:41,1.371145248413086,0,normal
2026-05-12 16:37:42,2.473115921020508,0,normal
2026-05-12 16:37:44,485.63385009765625,0,normal
2026-05-12 16:37:45,1.6443729400634766,0,normal
2026-05-12 16:37:46,2.702951431274414,0,normal
2026-05-12 16:37:47,217.7908420562744,0,normal
2026-05-12 16:37:48,0.9407997131347656,0,normal
2026-05-12 16:37:49,1.3086795806884766,0,normal
2026-05-12 16:37:50,263.8106346130371,0,normal
2026-05-12 16:37:52,0.8497238159179688,0,normal
2026-05-12 16:37:53,0.5159378051757812,0,normal
2026-05-12 16:37:54,467.5774574279785,0,normal
2026-05-12 16:37:55,1.135110855102539,0,normal
2026-05-12 16:37:56,0.7064342498779297,0,normal
2026-05-12 16:37:57,251.87444686889648,0,normal
2026-05-12 16:37:58,1.1208057403564453,0,normal
2026-05-12 16:37:59,0.5247592926025391,0,normal
2026-05-12 16:38:00,2.330780029296875,0,normal
2026-05-12 16:38:01,0.6406307220458984,0,normal
2026-05-12 16:38:02,1.8682479858398438,0,normal
2026-05-12 16:38:03,0.4448890686035156,0,normal
2026-05-12 16:38:05,216.55845642089844,0,normal
2026-05-12 16:38:06,1.0933876037597656,0,normal
2026-05-12 16:38:07,0.9534358978271484,0,normal
2026-05-12 16:38:08,1.8379688262939453,0,normal
2026-05-12 16:38:09,2.0515918731689453,0,normal
2026-05-12 16:38:10,453.3402919769287,0,normal
2026-05-12 16:38:11,2.9609203338623047,0,normal
2026-05-12 16:38:12,220.52383422851562,0,normal
2026-05-12 16:38:13,3.3087730407714844,0,normal
2026-05-12 16:38:15,657.2868824005127,0,normal
2026-05-12 16:38:16,5.244970321655273,0,normal
2026-05-12 16:38:17,219.82288360595703,0,normal
2026-05-12 16:38:18,1.0385513305664062,0,normal
2026-05-12 16:38:19,1.0223388671875,0,normal
2026-05-12 16:38:20,1.1909008026123047,0,normal
2026-05-12 16:38:21,1.3279914855957031,0,normal
2026-05-12 16:38:22,1.5454292297363281,0,normal
2026-05-12 16:38:24,453.6912441253662,0,normal
2026-05-12 16:38:25,219.4521427154541,0,normal
2026-05-12 16:38:26,1.2700557708740234,0,normal
2026-05-12 16:38:27,2.510547637939453,0,normal
2026-05-12 16:38:28,3.805875778198242,0,normal
2026-05-12 16:38:29,1.5709400177001953,0,normal
2026-05-12 16:38:30,1.291513442993164,0,normal
2026-05-12 16:38:31,2.457141876220703,0,normal
2026-05-12 16:38:32,2.007722854614258,0,normal
2026-05-12 16:38:33,208.59742164611816,0,normal
2026-05-12 16:38:35,232.3136329650879,0,normal
2026-05-12 16:38:36,233.5822582244873,0,normal
2026-05-12 16:38:37,1.5032291412353516,0,normal
2026-05-12 16:38:38,236.222505569458,0,normal
2026-05-12 16:38:40,485.38732528686523,0,normal
2026-05-12 16:38:41,1.4183521270751953,0,normal
2026-05-12 16:38:42,249.24063682556152,0,normal
2026-05-12 16:38:43,234.40051078796387,0,normal
2026-05-12 16:38:44,234.42482948303223,0,normal
2026-05-12 16:38:46,234.6975803375244,0,normal
2026-05-12 16:38:47,2.2020339965820312,0,normal
2026-05-12 16:38:48,0.5636215209960938,0,normal
2026-05-12 16:38:49,2.6483535766601562,0,normal
2026-05-12 16:38:50,0.92315673828125,0,normal
2026-05-12 16:38:51,0.6656646728515625,0,normal
2026-05-12 16:38:52,276.61967277526855,0,normal
2026-05-12 16:38:53,221.5135097503662,0,normal
2026-05-12 16:38:54,0.9062290191650391,0,normal
2026-05-12 16:38:55,0.8246898651123047,0,normal
2026-05-12 16:38:56,235.28790473937988,0,normal
2026-05-12 16:38:57,0.5176067352294922,0,normal
2026-05-12 16:38:58,0.667572021484375,0,normal
2026-05-12 16:38:59,0.5667209625244141,0,normal
2026-05-12 16:39:00,0.946044921875,0,normal
2026-05-12 16:39:02,246.02532386779785,0,normal
2026-05-12 16:39:03,467.8809642791748,0,normal
2026-05-12 16:39:04,2.052783966064453,0,normal
2026-05-12 16:39:05,1.4333724975585938,0,normal
2026-05-12 16:39:06,1.5017986297607422,0,normal
2026-05-12 16:39:07,234.70759391784668,0,normal
2026-05-12 16:39:08,4.628419876098633,0,normal
2026-05-12 16:39:09,5.227327346801758,0,normal
2026-05-12 16:39:10,14.94455337524414,0,normal
2026-05-12 16:39:11,1.2111663818359375,0,normal
2026-05-12 16:39:13,238.94262313842773,0,normal
2026-05-12 16:39:14,1.7075538635253906,0,normal
2026-05-12 16:39:15,1.2388229370117188,0,normal
2026-05-12 16:39:16,2.4061203002929688,0,normal
2026-05-12 16:39:17,0.8141994476318359,0,normal
2026-05-12 16:39:18,219.70510482788086,0,normal
2026-05-12 16:39:19,2.951383590698242,0,normal
2026-05-12 16:39:20,1.916646957397461,0,normal
2026-05-12 16:39:21,1.6362667083740234,0,normal
2026-05-12 16:39:22,5.464315414428711,0,normal
2026-05-12 16:39:23,5.703210830688477,0,normal
2026-05-12 16:39:24,1.1093616485595703,0,normal
2026-05-12 16:39:25,1.5301704406738281,0,normal
2026-05-12 16:39:26,0.45752525329589844,0,normal
2026-05-12 16:39:27,6.389617919921875,0,normal
2026-05-12 16:39:28,2.3691654205322266,0,normal
2026-05-12 16:39:30,454.0395736694336,0,normal
2026-05-12 16:39:31,470.46589851379395,0,normal
2026-05-12 16:39:32,0.518798828125,0,normal
2026-05-12 16:39:33,1.2586116790771484,0,normal
2026-05-12 16:39:34,1.8351078033447266,0,normal
2026-05-12 16:39:35,1.0144710540771484,0,normal
2026-05-12 16:39:36,1.7426013946533203,0,normal
2026-05-12 16:39:37,0.47707557678222656,0,normal
2026-05-12 16:39:38,1.5745162963867188,0,normal
2026-05-12 16:39:39,233.25490951538086,0,normal
2026-05-12 16:39:41,208.0099582672119,0,normal
2026-05-12 16:39:42,1.1403560638427734,0,normal
2026-05-12 16:39:43,449.97286796569824,0,normal
2026-05-12 16:39:44,1.1055469512939453,0,normal
2026-05-12 16:39:45,1.7752647399902344,0,normal
2026-05-12 16:39:46,1.1432170867919922,0,normal
2026-05-12 16:39:47,1.4672279357910156,0,normal
2026-05-12 16:39:48,1.0707378387451172,0,normal
2026-05-12 16:39:49,1.5003681182861328,0,normal
2026-05-12 16:39:50,221.98963165283203,0,normal
2026-05-12 16:39:52,234.88426208496094,0,normal
2026-05-12 16:39:53,1.199960708618164,0,normal
2026-05-12 16:39:54,470.74079513549805,0,normal
2026-05-12 16:39:55,220.70646286010742,0,normal
2026-05-12 16:39:57,311.8460178375244,0,normal
2026-05-12 16:39:58,280.90357780456543,0,normal
2026-05-12 16:39:59,283.5831642150879,0,normal
2026-05-12 16:40:00,217.604398727417,0,normal
2026-05-12 16:40:01,0.5085468292236328,0,normal
2026-05-12 16:40:03,216.89152717590332,0,normal
2026-05-12 16:40:04,1.4162063598632812,0,normal
2026-05-12 16:40:05,1.2042522430419922,0,normal
2026-05-12 16:40:06,1.306772232055664,0,normal
2026-05-12 16:40:07,232.79833793640137,0,normal
2026-05-12 16:40:08,1.03759765625,0,normal
2026-05-12 16:40:09,1.600503921508789,0,normal
2026-05-12 16:40:10,1.5795230865478516,0,normal
2026-05-12 16:40:11,1.9114017486572266,0,normal
2026-05-12 16:40:12,219.44022178649902,0,normal
2026-05-12 16:40:14,471.32277488708496,0,normal
2026-05-12 16:40:15,1.1708736419677734,0,normal
2026-05-12 16:40:16,1.172780990600586,0,normal
2026-05-12 16:40:17,1.340627670288086,0,normal
2026-05-12 16:40:18,1.9602775573730469,0,normal
2026-05-12 16:40:19,1.3611316680908203,0,normal
2026-05-12 16:40:20,1.4543533325195312,0,normal
2026-05-12 16:40:21,233.08205604553223,0,normal
2026-05-12 16:40:22,1.649618148803711,0,normal
2026-05-12 16:40:23,1.0399818420410156,0,normal
2026-05-12 16:40:24,1.6541481018066406,0,normal
2026-05-12 16:40:25,235.1067066192627,0,normal
2026-05-12 16:40:26,2.0232200622558594,0,normal
2026-05-12 16:40:27,1.478433609008789,0,normal
2026-05-12 16:40:28,1.5635490417480469,0,normal
2026-05-12 16:40:29,3.8747787475585938,0,normal
2026-05-12 16:40:30,0.6139278411865234,0,normal
2026-05-12 16:40:32,204.66017723083496,0,normal
2026-05-12 16:40:33,423.447847366333,0,normal
2026-05-12 16:40:34,0.9591579437255859,0,normal
2026-05-12 16:40:35,233.60824584960938,0,normal
2026-05-12 16:40:36,6.213903427124023,0,normal
2026-05-12 16:40:37,1.2845993041992188,0,normal
2026-05-12 16:40:38,1.0194778442382812,0,normal
2026-05-12 16:40:39,3.7577152252197266,0,normal
2026-05-12 16:40:41,234.40837860107422,0,normal
2026-05-12 16:40:42,1.0387897491455078,0,normal
2026-05-12 16:40:43,1.481771469116211,0,normal
2026-05-12 16:40:44,0.9124279022216797,0,normal
2026-05-12 16:40:45,438.48252296447754,0,normal
2026-05-12 16:40:46,1.0654926300048828,0,normal
2026-05-12 16:40:47,1.5113353729248047,0,normal
2026-05-12 16:40:48,3.267526626586914,0,normal
2026-05-12 16:40:49,2.2096633911132812,0,normal
2026-05-12 16:40:50,1.3365745544433594,0,normal
2026-05-12 16:40:51,1.005411148071289,0,normal
2026-05-12 16:40:52,219.09046173095703,0,normal
2026-05-12 16:40:53,1.421213150024414,0,normal
2026-05-12 16:40:54,2.470254898071289,0,normal
2026-05-12 16:40:56,231.1079502105713,0,normal
2026-05-12 16:40:57,1.5671253204345703,0,normal
2026-05-12 16:40:58,1.1882781982421875,0,normal
2026-05-12 16:40:59,234.89832878112793,0,normal
2026-05-12 16:41:00,0.9405612945556641,0,normal
2026-05-12 16:41:01,0.8203983306884766,0,normal
2026-05-12 16:41:02,0.8134841918945312,0,normal
2026-05-12 16:41:03,2.2296905517578125,0,normal
2026-05-12 16:41:04,1.3909339904785156,0,normal
2026-05-12 16:41:05,1.1205673217773438,0,normal
2026-05-12 16:41:06,1.1680126190185547,0,normal
2026-05-12 16:41:07,1.6026496887207031,0,normal
2026-05-12 16:41:08,1.1696815490722656,0,normal
2026-05-12 16:41:09,235.0749969482422,0,normal
2026-05-12 16:41:11,237.62750625610352,0,normal
2026-05-12 16:41:12,235.8992099761963,0,normal
2026-05-12 16:41:13,2.0415782928466797,0,normal
2026-05-12 16:41:14,1.3108253479003906,0,normal
2026-05-12 16:41:15,233.4270477294922,0,normal
2026-05-12 16:41:16,1.3170242309570312,0,normal
2026-05-12 16:41:17,1.2848377227783203,0,normal
2026-05-12 16:41:18,234.63916778564453,0,normal
2026-05-12 16:41:19,2.299785614013672,0,normal
2026-05-12 16:41:21,205.6105136871338,0,normal
2026-05-12 16:41:22,2.0301342010498047,0,normal
2026-05-12 16:41:23,232.10430145263672,0,normal
2026-05-12 16:41:24,1.6651153564453125,0,normal
2026-05-12 16:41:25,216.35127067565918,0,normal
2026-05-12 16:41:26,4.695892333984375,0,normal
2026-05-12 16:41:27,1.7910003662109375,0,normal
2026-05-12 16:41:28,0.8134841918945312,0,normal
2026-05-12 16:41:30,437.73841857910156,0,normal
2026-05-12 16:41:31,1.3515949249267578,0,normal
2026-05-12 16:41:32,1.6193389892578125,0,normal
2026-05-12 16:41:33,6.491899490356445,0,normal
2026-05-12 16:41:34,434.8258972167969,0,normal
2026-05-12 16:41:35,226.1812686920166,0,normal
2026-05-12 16:41:36,1.4646053314208984,0,normal
2026-05-12 16:41:38,222.0005989074707,0,normal
2026-05-12 16:41:39,0.8111000061035156,0,normal
2026-05-12 16:41:40,2.2656917572021484,0,normal
2026-05-12 16:41:41,1.0800361633300781,0,normal
2026-05-12 16:41:42,1.1403560638427734,0,normal
2026-05-12 16:41:43,421.91410064697266,0,normal
2026-05-12 16:41:44,236.91749572753906,0,normal
2026-05-12 16:41:45,2.3250579833984375,0,normal
2026-05-12 16:41:46,219.54870223999023,0,normal
2026-05-12 16:41:47,1.0614395141601562,0,normal
2026-05-12 16:41:49,233.6902618408203,0,normal
2026-05-12 16:41:50,1.6002655029296875,0,normal
2026-05-12 16:41:51,1.2640953063964844,0,normal
2026-05-12 16:41:52,483.2439422607422,0,normal
2026-05-12 16:41:53,1.8765926361083984,0,normal
2026-05-12 16:41:55,452.3005485534668,0,normal
2026-05-12 16:41:56,1.4379024505615234,0,normal
2026-05-12 16:41:57,0.9930133819580078,0,normal
2026-05-12 16:41:58,1.5506744384765625,0,normal
2026-05-12 16:41:59,3.253936767578125,0,normal
2026-05-12 16:42:00,2.830028533935547,0,normal
2026-05-12 16:42:01,2.4449825286865234,0,normal
2026-05-12 16:42:02,2.506732940673828,0,normal
2026-05-12 16:42:03,0.7452964782714844,0,normal
2026-05-12 16:42:04,530.170202255249,0,normal
2026-05-12 16:42:06,218.95599365234375,0,normal
2026-05-12 16:42:07,0.49757957458496094,0,normal
2026-05-12 16:42:08,218.17350387573242,0,normal
2026-05-12 16:42:09,2.0732879638671875,0,normal
2026-05-12 16:42:10,2.2919178009033203,0,normal
2026-05-12 16:42:11,219.90108489990234,0,normal
2026-05-12 16:42:12,0.9162425994873047,0,normal
2026-05-12 16:42:13,216.01152420043945,0,normal
2026-05-12 16:42:15,452.0895481109619,0,normal
2026-05-12 16:42:16,0.8459091186523438,0,normal
2026-05-12 16:42:17,0.8068084716796875,0,normal
2026-05-12 16:42:18,0.8664131164550781,0,normal
2026-05-12 16:42:19,234.53569412231445,0,normal
2026-05-12 16:42:20,235.38541793823242,0,normal
2026-05-12 16:42:21,1.1470317840576172,0,normal
2026-05-12 16:42:23,234.3003749847412,0,normal
2026-05-12 16:42:24,328.35865020751953,0,normal
2026-05-12 16:42:25,1.2292861938476562,0,normal
2026-05-12 16:42:26,0.5085468292236328,0,normal
2026-05-12 16:42:27,0.4947185516357422,0,normal
2026-05-12 16:42:28,1.1632442474365234,0,normal
2026-05-12 16:42:29,2.620220184326172,0,normal
2026-05-12 16:42:30,2.6044845581054688,0,normal
2026-05-12 16:42:31,476.98020935058594,0,normal
2026-05-12 16:42:32,0.46062469482421875,0,normal
2026-05-12 16:42:34,1.6443729400634766,0,normal
2026-05-12 16:42:35,1.4801025390625,0,normal
2026-05-12 16:42:36,2.4466514587402344,0,normal
2026-05-12 16:42:37,1.5680789947509766,0,normal
2026-05-12 16:42:38,2.3152828216552734,0,normal
2026-05-12 16:42:39,0.6842613220214844,0,normal
2026-05-12 16:42:40,453.53126525878906,0,normal
2026-05-12 16:42:41,1.45721435546875,0,normal
2026-05-12 16:42:42,220.1399803161621,0,normal
2026-05-12 16:42:44,205.81555366516113,0,normal
2026-05-12 16:42:45,224.68900680541992,0,normal
2026-05-12 16:42:46,1.8880367279052734,0,normal
2026-05-12 16:42:47,2.780437469482422,0,normal
2026-05-12 16:42:48,1.4622211456298828,0,normal
2026-05-12 16:42:49,469.70653533935547,0,normal
2026-05-12 16:42:50,0.6945133209228516,0,normal
2026-05-12 16:42:51,0.5543231964111328,0,normal
2026-05-12 16:42:52,2.3860931396484375,0,normal
2026-05-12 16:42:53,3.9844512939453125,0,normal
2026-05-12 16:42:54,1.0666847229003906,0,normal
2026-05-12 16:42:55,1.2159347534179688,0,normal
2026-05-12 16:42:56,2.6776790618896484,0,normal
2026-05-12 16:42:57,1.7845630645751953,0,normal
2026-05-12 16:42:58,1.1754035949707031,0,normal
2026-05-12 16:42:59,1.6777515411376953,0,normal
2026-05-12 16:43:00,1.8706321716308594,0,normal
2026-05-12 16:43:02,234.44294929504395,0,normal
2026-05-12 16:43:03,220.9494113922119,0,normal
2026-05-12 16:43:05,653.7420749664307,0,normal
2026-05-12 16:43:06,2.672433853149414,0,normal
2026-05-12 16:43:07,233.60586166381836,0,normal
2026-05-12 16:43:08,0.5934238433837891,0,normal
2026-05-12 16:43:09,205.87158203125,0,normal
2026-05-12 16:43:10,2.5146007537841797,0,normal
2026-05-12 16:43:11,418.5466766357422,0,normal
2026-05-12 16:43:13,208.62054824829102,0,normal
2026-05-12 16:43:14,1.903533935546875,0,normal
2026-05-12 16:43:15,1.7545223236083984,0,normal
2026-05-12 16:43:16,4.710197448730469,0,normal
2026-05-12 16:43:17,204.58149909973145,0,normal
2026-05-12 16:43:18,0.4477500915527344,0,normal
2026-05-12 16:43:19,0.5035400390625,0,normal
2026-05-12 16:43:20,0.6153583526611328,0,normal
2026-05-12 16:43:21,0.6625652313232422,0,normal
2026-05-12 16:43:22,1.6505718231201172,0,normal
2026-05-12 16:43:23,0.6947517395019531,0,normal
2026-05-12 16:43:24,1.5828609466552734,0,normal
2026-05-12 16:43:25,1.2559890747070312,0,normal
2026-05-12 16:43:26,1.6129016876220703,0,normal
2026-05-12 16:43:27,211.29655838012695,0,normal
2026-05-12 16:43:28,207.5791358947754,0,normal
2026-05-12 16:43:29,1.5606880187988281,0,normal
2026-05-12 16:43:30,2.731800079345703,0,normal
2026-05-12 16:43:31,0.4763603210449219,0,normal
2026-05-12 16:43:33,206.29382133483887,0,normal
2026-05-12 16:43:34,1.2793540954589844,0,normal
2026-05-12 16:43:35,2.2537708282470703,0,normal
2026-05-12 16:43:36,1.6033649444580078,0,normal
2026-05-12 16:43:37,3.6733150482177734,0,normal
2026-05-12 16:43:38,3.193378448486328,0,normal
2026-05-12 16:43:39,0.49996376037597656,0,normal
2026-05-12 16:43:40,231.25696182250977,0,normal
2026-05-12 16:43:41,257.08818435668945,0,normal
2026-05-12 16:43:42,1.3816356658935547,0,normal
2026-05-12 16:43:43,0.4677772521972656,0,normal
2026-05-12 16:43:45,673.2535362243652,0,normal
2026-05-12 16:43:46,1.4998912811279297,0,normal
2026-05-12 16:43:47,1.4030933380126953,0,normal
2026-05-12 16:43:48,225.7099151611328,0,normal
2026-05-12 16:43:49,3.2269954681396484,0,normal
2026-05-12 16:43:50,266.41011238098145,0,normal
2026-05-12 16:43:52,494.9502944946289,0,normal
2026-05-12 16:43:53,519.6506977081299,0,normal
2026-05-12 16:43:54,1.2710094451904297,0,normal
2026-05-12 16:43:56,437.50572204589844,0,normal
2026-05-12 16:43:57,1.53350830078125,0,normal
2026-05-12 16:43:58,1.5711784362792969,0,normal
2026-05-12 16:43:59,303.47537994384766,0,normal
2026-05-12 16:44:00,279.59513664245605,0,normal
2026-05-12 16:44:01,1.4264583587646484,0,normal
2026-05-12 16:44:02,1.5633106231689453,0,normal
2026-05-12 16:44:03,1.890420913696289,0,normal
2026-05-12 16:44:04,231.51731491088867,0,normal
2026-05-12 16:44:05,0.6399154663085938,0,normal
2026-05-12 16:44:07,220.85928916931152,0,normal
2026-05-12 16:44:08,0.7393360137939453,0,normal
2026-05-12 16:44:09,0.47850608825683594,0,normal
2026-05-12 16:44:10,212.8598690032959,0,normal
2026-05-12 16:44:11,0.9512901306152344,0,normal
2026-05-12 16:44:12,0.5438327789306641,0,normal
2026-05-12 16:44:13,0.5459785461425781,0,normal
2026-05-12 16:44:14,0.6325244903564453,0,normal
2026-05-12 16:44:15,1.916646957397461,0,normal
2026-05-12 16:44:16,222.03969955444336,0,normal
2026-05-12 16:44:17,0.4711151123046875,0,normal
2026-05-12 16:44:18,239.26830291748047,0,normal
2026-05-12 16:44:19,0.7128715515136719,0,normal
2026-05-12 16:44:20,0.5564689636230469,0,normal
2026-05-12 16:44:21,0.5879402160644531,0,normal
2026-05-12 16:44:22,0.5292892456054688,0,normal
2026-05-12 16:44:24,208.60838890075684,0,normal
2026-05-12 16:44:25,224.16448593139648,0,normal
2026-05-12 16:44:26,446.0430145263672,0,normal
2026-05-12 16:44:27,1.3914108276367188,0,normal
2026-05-12 16:44:28,0.5283355712890625,0,normal
2026-05-12 16:44:29,1.2362003326416016,0,normal
2026-05-12 16:44:30,1.0099411010742188,0,normal
2026-05-12 16:44:31,207.00883865356445,0,normal
2026-05-12 16:44:32,0.9665489196777344,0,normal
2026-05-12 16:44:34,0.8938312530517578,0,normal
2026-05-12 16:44:35,480.3199768066406,0,normal
2026-05-12 16:44:36,1.3592243194580078,0,normal
2026-05-12 16:44:37,1.497507095336914,0,normal
2026-05-12 16:44:38,1.3165473937988281,0,normal
2026-05-12 16:44:39,219.22707557678223,0,normal
2026-05-12 16:44:40,1.6202926635742188,0,normal
2026-05-12 16:44:41,6.299018859863281,0,normal
2026-05-12 16:44:42,261.89517974853516,0,normal
2026-05-12 16:44:43,2.1867752075195312,0,normal
2026-05-12 16:44:44,0.9846687316894531,0,normal
2026-05-12 16:44:46,228.99627685546875,0,normal
2026-05-12 16:44:47,1.5642642974853516,0,normal
2026-05-12 16:44:48,1.0287761688232422,0,normal
2026-05-12 16:44:49,1.1355876922607422,0,normal
2026-05-12 16:44:50,0.5953311920166016,0,normal
2026-05-12 16:44:51,0.7810592651367188,0,normal
2026-05-12 16:44:52,3.6427974700927734,0,normal
2026-05-12 16:44:53,437.18528747558594,0,normal
2026-05-12 16:44:54,210.23845672607422,0,normal
2026-05-12 16:44:55,0.5333423614501953,0,normal
2026-05-12 16:44:56,1.0516643524169922,0,normal
2026-05-12 16:44:57,1.3942718505859375,0,normal
2026-05-12 16:44:59,207.82160758972168,0,normal
2026-05-12 16:45:00,1.9273757934570312,0,normal
2026-05-12 16:45:01,0.6926059722900391,0,normal
2026-05-12 16:45:02,0.6735324859619141,0,normal
2026-05-12 16:45:03,1.1115074157714844,0,normal
2026-05-12 16:45:04,2.753734588623047,0,normal
2026-05-12 16:45:05,1.1608600616455078,0,normal
2026-05-12 16:45:06,209.57612991333008,0,normal
2026-05-12 16:45:07,223.94442558288574,0,normal
2026-05-12 16:45:08,2.1953582763671875,0,normal
2026-05-12 16:45:09,411.53693199157715,0,normal
2026-05-12 16:45:11,223.74916076660156,0,normal
2026-05-12 16:45:12,207.21936225891113,0,normal
2026-05-12 16:45:13,223.50645065307617,0,normal
2026-05-12 16:45:14,223.58298301696777,0,normal
2026-05-12 16:45:16,221.8308448791504,0,normal
2026-05-12 16:45:17,0.7572174072265625,0,normal
2026-05-12 16:45:18,204.6346664428711,0,normal
2026-05-12 16:45:19,1.2979507446289062,0,normal
2026-05-12 16:45:20,453.11880111694336,0,normal
2026-05-12 16:45:22,448.05240631103516,0,normal
2026-05-12 16:45:23,495.49150466918945,0,normal
2026-05-12 16:45:24,2.0105838775634766,0,normal
2026-05-12 16:45:25,219.71559524536133,0,normal
2026-05-12 16:45:26,1.4328956604003906,0,normal
2026-05-12 16:45:27,3.5457611083984375,0,normal
2026-05-12 16:45:28,1.1761188507080078,0,normal
2026-05-12 16:45:30,236.32359504699707,0,normal
2026-05-12 16:45:31,1.5897750854492188,0,normal
2026-05-12 16:45:32,0.5347728729248047,0,normal
2026-05-12 16:45:33,453.8118839263916,0,normal
2026-05-12 16:45:34,228.6090850830078,0,normal
2026-05-12 16:45:36,422.7635860443115,0,normal
2026-05-12 16:45:37,1.4009475708007812,0,normal
2026-05-12 16:45:38,1.1167526245117188,0,normal
2026-05-12 16:45:39,1.1684894561767578,0,normal
2026-05-12 16:45:40,2.0546913146972656,0,normal
2026-05-12 16:45:41,1.4696121215820312,0,normal
2026-05-12 16:45:42,1.4100074768066406,0,normal
2026-05-12 16:45:43,4.17327880859375,0,normal
2026-05-12 16:45:44,1.5480518341064453,0,normal
2026-05-12 16:45:45,2.7327537536621094,0,normal
2026-05-12 16:45:46,0.762939453125,0,normal
2026-05-12 16:45:47,211.1523151397705,0,normal
2026-05-12 16:45:48,209.2139720916748,0,normal
2026-05-12 16:45:49,0.6310939788818359,0,normal
2026-05-12 16:45:50,0.5698204040527344,0,normal
2026-05-12 16:45:51,1.6894340515136719,0,normal
2026-05-12 16:45:52,0.7109642028808594,0,normal
2026-05-12 16:45:53,221.21453285217285,0,normal
2026-05-12 16:45:54,0.5328655242919922,0,normal
2026-05-12 16:45:55,0.9393692016601562,0,normal
2026-05-12 16:45:56,1.9764900207519531,0,normal
2026-05-12 16:45:57,0.43964385986328125,0,normal
2026-05-12 16:45:59,207.72838592529297,0,normal
2026-05-12 16:46:00,449.84889030456543,0,normal
2026-05-12 16:46:01,1.3914108276367188,0,normal
2026-05-12 16:46:02,228.1639575958252,0,normal
2026-05-12 16:46:03,0.9009838104248047,0,normal
2026-05-12 16:46:05,229.11500930786133,0,normal
2026-05-12 16:46:06,227.14829444885254,0,normal
2026-05-12 16:46:07,1.5094280242919922,0,normal
2026-05-12 16:46:08,1.955270767211914,0,normal
2026-05-12 16:46:09,2.8128623962402344,0,normal
2026-05-12 16:46:10,208.9533805847168,0,normal
2026-05-12 16:46:11,0.8766651153564453,0,normal
2026-05-12 16:46:12,1.2955665588378906,0,normal
2026-05-12 16:46:13,229.2921543121338,0,normal
2026-05-12 16:46:14,1.646280288696289,0,normal
2026-05-12 16:46:16,428.21598052978516,0,normal
2026-05-12 16:46:17,1.2996196746826172,0,normal
2026-05-12 16:46:18,0.8304119110107422,0,normal
2026-05-12 16:46:19,2.4881362915039062,0,normal
2026-05-12 16:46:20,4.005670547485352,0,normal
2026-05-12 16:46:21,0.5125999450683594,0,normal
2026-05-12 16:46:22,1.0006427764892578,0,normal
2026-05-12 16:46:23,1.12152099609375,0,normal
2026-05-12 16:46:24,435.0001811981201,0,normal
2026-05-12 16:46:25,1.3632774353027344,0,normal
2026-05-12 16:46:27,429.7525882720947,0,normal
2026-05-12 16:46:28,2.5599002838134766,0,normal
2026-05-12 16:46:29,1.5482902526855469,0,normal
2026-05-12 16:46:30,1.2657642364501953,0,normal
2026-05-12 16:46:31,1.276254653930664,0,normal
2026-05-12 16:46:32,0.49376487731933594,0,normal
2026-05-12 16:46:33,1.7020702362060547,0,normal
2026-05-12 16:46:34,1.9779205322265625,0,normal
2026-05-12 16:46:35,1.3878345489501953,0,normal
2026-05-12 16:46:36,1.9812583923339844,0,normal
2026-05-12 16:46:37,4.159212112426758,0,normal
2026-05-12 16:46:38,205.5363655090332,0,normal
2026-05-12 16:46:39,2.6171207427978516,0,normal
2026-05-12 16:46:40,227.6749610900879,0,normal
2026-05-12 16:46:41,0.5640983581542969,0,normal
2026-05-12 16:46:42,1.135110855102539,0,normal
2026-05-12 16:46:43,2.4979114532470703,0,normal
2026-05-12 16:46:44,225.07786750793457,0,normal
2026-05-12 16:46:46,233.43706130981445,0,normal
2026-05-12 16:46:47,2.405405044555664,0,normal
2026-05-12 16:46:48,1.1568069458007812,0,normal
2026-05-12 16:46:49,1.2669563293457031,0,normal
2026-05-12 16:46:50,0.7712841033935547,0,normal
2026-05-12 16:46:51,0.6029605865478516,0,normal
2026-05-12 16:46:52,211.93718910217285,0,normal
2026-05-12 16:46:53,436.09619140625,0,normal
2026-05-12 16:46:54,0.5769729614257812,0,normal
2026-05-12 16:46:55,1.5285015106201172,0,normal
2026-05-12 16:46:56,4.525423049926758,0,normal
2026-05-12 16:46:57,0.732421875,0,normal
2026-05-12 16:46:58,0.47278404235839844,0,normal
2026-05-12 16:46:59,0.5705356597900391,0,normal
2026-05-12 16:47:00,0.4410743713378906,0,normal
2026-05-12 16:47:01,1.413106918334961,0,normal
2026-05-12 16:47:02,1.4619827270507812,0,normal
2026-05-12 16:47:03,203.78971099853516,0,normal
2026-05-12 16:47:05,223.07658195495605,0,normal
2026-05-12 16:47:06,225.72612762451172,0,normal
2026-05-12 16:47:07,0.6513595581054688,0,normal
2026-05-12 16:47:08,0.7224082946777344,0,normal
2026-05-12 16:47:09,2.6001930236816406,0,normal
2026-05-12 16:47:10,207.2594165802002,0,normal
2026-05-12 16:47:11,2.8874874114990234,0,normal
2026-05-12 16:47:12,0.7841587066650391,0,normal
2026-05-12 16:47:13,204.79846000671387,0,normal
2026-05-12 16:47:14,1.104593276977539,0,normal
2026-05-12 16:47:16,231.21929168701172,0,normal
2026-05-12 16:47:17,0.4527568817138672,0,normal
2026-05-12 16:47:18,0.7429122924804688,0,normal
2026-05-12 16:47:19,2.933025360107422,0,normal
2026-05-12 16:47:20,2.181529998779297,0,normal
2026-05-12 16:47:21,1.5740394592285156,0,normal
2026-05-12 16:47:22,232.2392463684082,0,normal
2026-05-12 16:47:23,455.7065963745117,0,normal
2026-05-12 16:47:24,228.83129119873047,0,normal
2026-05-12 16:47:26,231.71186447143555,0,normal
2026-05-12 16:47:27,230.76915740966797,0,normal
2026-05-12 16:47:28,6.481409072875977,0,normal
2026-05-12 16:47:29,222.792387008667,0,normal
2026-05-12 16:47:30,0.9276866912841797,0,normal
2026-05-12 16:47:31,1.5709400177001953,0,normal
2026-05-12 16:47:32,222.7463722229004,0,normal
2026-05-12 16:47:33,1.5170574188232422,0,normal
2026-05-12 16:47:34,1.3623237609863281,0,normal
2026-05-12 16:47:36,271.8386650085449,0,normal
2026-05-12 16:47:38,876.0955333709717,0,normal
2026-05-12 16:47:39,0.9729862213134766,0,normal
2026-05-12 16:47:40,1.249551773071289,0,normal
2026-05-12 16:47:41,0.6182193756103516,0,normal
2026-05-12 16:47:43,963.1319046020508,0,normal
2026-05-12 16:47:44,286.1771583557129,0,normal
2026-05-12 16:47:45,223.88792037963867,0,normal
2026-05-12 16:47:46,1.2776851654052734,0,normal
2026-05-12 16:47:47,228.32107543945312,0,normal
2026-05-12 16:47:48,0.6060600280761719,0,normal
2026-05-12 16:47:49,231.28914833068848,0,normal
2026-05-12 16:47:50,2.0067691802978516,0,normal
2026-05-12 16:47:52,283.84971618652344,0,normal
2026-05-12 16:47:53,228.98030281066895,0,normal
2026-05-12 16:47:54,3.1232833862304688,0,normal
2026-05-12 16:47:55,287.66894340515137,0,normal
2026-05-12 16:47:57,271.3160514831543,0,normal
2026-05-12 16:47:58,1.9006729125976562,0,normal
2026-05-12 16:47:59,244.13275718688965,0,normal
2026-05-12 16:48:00,3.1566619873046875,0,normal
2026-05-12 16:48:01,1.4786720275878906,0,normal
2026-05-12 16:48:02,1.5158653259277344,0,normal
2026-05-12 16:48:03,214.74099159240723,0,normal
2026-05-12 16:48:04,1.0368824005126953,0,normal
2026-05-12 16:48:05,226.75013542175293,0,normal
2026-05-12 16:48:06,1.4789104461669922,0,normal
2026-05-12 16:48:08,228.67679595947266,0,normal
2026-05-12 16:48:09,0.8308887481689453,0,normal
2026-05-12 16:48:10,1.15203857421875,0,normal
2026-05-12 16:48:11,1.7952919006347656,0,normal
2026-05-12 16:48:12,1.789093017578125,0,normal
2026-05-12 16:48:13,0.904083251953125,0,normal
2026-05-12 16:48:14,3.3676624298095703,0,normal
2026-05-12 16:48:15,3.943204879760742,0,normal
2026-05-14 10:55:23,1.2831687927246094,0,normal
2026-05-14 10:55:24,1.295328140258789,0,normal
2026-05-14 10:55:25,1.0170936584472656,0,normal
2026-05-14 10:55:26,2.4793148040771484,0,normal
2026-05-14 10:55:27,0.4417896270751953,0,normal
2026-05-14 10:55:28,0.7283687591552734,0,normal
2026-05-14 10:55:29,0.5216598510742188,0,normal
2026-05-14 10:55:30,0.47969818115234375,0,normal
2026-05-14 10:55:31,0.5042552947998047,0,normal
2026-05-14 10:55:32,1.4028549194335938,0,normal
2026-05-14 10:55:33,0.8404254913330078,0,normal
2026-05-14 10:55:34,0.5581378936767578,0,normal
2026-05-14 10:55:35,0.9250640869140625,0,normal
2026-05-14 10:55:36,0.4868507385253906,0,normal
2026-05-14 10:55:37,0.6082057952880859,0,normal
2026-05-14 10:55:38,4.028081893920898,0,normal
2026-05-14 10:55:39,2.710580825805664,0,normal
2026-05-14 10:55:40,1.1789798736572266,0,normal
2026-05-14 10:55:41,0.9722709655761719,0,normal
2026-05-14 10:55:42,0.7975101470947266,0,normal
2026-05-14 10:55:43,0.782012939453125,0,normal
2026-05-14 10:55:44,1.0051727294921875,0,normal
2026-05-14 10:55:45,0.5016326904296875,0,normal
2026-05-14 10:55:46,3.4914016723632812,0,normal
2026-05-14 10:55:47,0.9419918060302734,0,normal
2026-05-14 10:55:48,1.3413429260253906,0,normal
2026-05-14 10:55:49,0.7760524749755859,0,normal
2026-05-14 10:55:50,0.8175373077392578,0,normal
2026-05-14 10:55:51,1.5006065368652344,0,normal
2026-05-14 10:55:52,0.5633831024169922,0,normal
2026-05-14 10:55:53,0.6139278411865234,0,normal
2026-05-14 10:55:54,1.9130706787109375,0,normal
2026-05-14 10:55:55,1.280069351196289,0,normal
2026-05-14 10:55:56,3.9396286010742188,0,normal
2026-05-14 10:55:57,1.405477523803711,0,normal
2026-05-14 10:55:58,3.772735595703125,0,normal
2026-05-14 10:55:59,0.9603500366210938,0,normal
2026-05-14 10:56:00,1.4765262603759766,0,normal
2026-05-14 10:56:01,0.7030963897705078,0,normal
2026-05-14 10:56:02,1.2819766998291016,0,normal
2026-05-14 10:56:03,2.044677734375,0,normal
2026-05-14 10:56:04,1.4193058013916016,0,normal
2026-05-14 10:56:05,1.0416507720947266,0,normal
2026-05-14 10:56:06,0.7808208465576172,0,normal
2026-05-14 10:56:07,1.7445087432861328,0,normal
2026-05-14 10:56:08,4.223108291625977,0,normal
2026-05-14 10:56:09,1.783132553100586,0,normal
2026-05-14 10:56:10,0.7243156433105469,0,normal
2026-05-14 10:56:11,2.4442672729492188,0,normal
2026-05-14 10:56:12,0.9043216705322266,0,normal
2026-05-14 10:56:13,0.7774829864501953,0,normal
2026-05-14 10:56:14,1.0759830474853516,0,normal
2026-05-14 10:56:15,1.3318061828613281,0,normal
2026-05-14 10:56:16,1.6751289367675781,0,normal
2026-05-14 10:56:17,0.9565353393554688,0,normal
2026-05-14 10:56:18,1.1200904846191406,0,normal
2026-05-14 10:56:19,0.926971435546875,0,normal
2026-05-14 10:56:20,1.0857582092285156,0,normal
2026-05-14 10:56:21,1.7659664154052734,0,normal
2026-05-14 10:56:22,1.1146068572998047,0,normal
2026-05-14 10:56:23,0.9751319885253906,0,normal
2026-05-14 10:56:24,1.0211467742919922,0,normal
2026-05-14 10:56:25,0.7989406585693359,0,normal
2026-05-14 10:56:26,2.6276111602783203,0,normal
2026-05-14 10:56:27,1.1150836944580078,0,normal
2026-05-14 10:56:29,1.2497901916503906,0,normal
2026-05-14 10:56:30,2.2029876708984375,0,normal
2026-05-14 10:56:31,2.919435501098633,0,normal
2026-05-14 10:56:32,9.824752807617188,0,normal
2026-05-14 10:56:33,3.2486915588378906,0,normal
2026-05-14 10:56:34,0.9686946868896484,0,normal
2026-05-14 10:56:35,0.7028579711914062,0,normal
2026-05-14 10:56:36,1.2526512145996094,0,normal
2026-05-14 10:56:37,1.7323493957519531,0,normal
2026-05-14 10:56:38,0.5626678466796875,0,normal
2026-05-14 10:56:39,0.6322860717773438,0,normal
2026-05-14 10:56:40,1.8312931060791016,0,normal
2026-05-14 10:56:41,1.1014938354492188,0,normal
2026-05-14 10:56:42,1.306295394897461,0,normal
2026-05-14 10:56:43,2.847433090209961,0,normal
2026-05-14 10:56:44,6.008386611938477,0,normal
2026-05-14 10:56:45,1.4715194702148438,0,normal
2026-05-14 10:56:46,1.1510848999023438,0,normal
2026-05-14 10:56:47,3.9932727813720703,0,normal
2026-05-14 10:56:48,1.0013580322265625,0,normal
2026-05-14 10:56:49,0.8904933929443359,0,normal
2026-05-14 10:56:50,1.3470649719238281,0,normal
2026-05-14 10:56:51,0.9467601776123047,0,normal
2026-05-14 10:56:52,2.3508071899414062,0,normal
2026-05-14 10:56:53,1.1119842529296875,0,normal
2026-05-14 10:56:54,2.513408660888672,0,normal
2026-05-14 10:56:55,1.4638900756835938,0,normal
2026-05-14 10:56:56,1.9462108612060547,0,normal
2026-05-14 10:56:57,0.8285045623779297,0,normal
2026-05-14 10:56:58,1.5785694122314453,0,normal
2026-05-14 10:56:59,2.706766128540039,0,normal
2026-05-14 10:57:00,1.2202262878417969,0,normal
2026-05-14 10:57:01,2.81524658203125,0,normal
2026-05-14 10:57:02,0.9920597076416016,0,normal
2026-05-14 10:57:03,2.8862953186035156,0,normal
2026-05-14 10:57:04,2.2127628326416016,0,normal
2026-05-14 10:57:05,1.8885135650634766,0,normal
2026-05-14 10:57:06,1.8322467803955078,0,normal
2026-05-14 10:57:07,0.7314682006835938,0,normal
2026-05-14 10:57:08,0.644683837890625,0,normal
2026-05-14 10:57:09,1.8048286437988281,0,normal
2026-05-14 10:57:10,1.268148422241211,0,normal
2026-05-14 10:57:11,1.8045902252197266,0,normal
2026-05-14 10:57:12,1.7120838165283203,0,normal
2026-05-14 10:57:13,2.2802352905273438,0,normal
2026-05-14 10:57:14,2.564668655395508,0,normal
2026-05-14 10:57:15,1.800537109375,0,normal
2026-05-14 10:57:16,1.3470649719238281,0,normal
2026-05-14 10:57:17,0.6117820739746094,0,normal
2026-05-14 10:57:18,1.4271736145019531,0,normal
2026-05-14 10:57:19,1.1098384857177734,0,normal
2026-05-14 10:57:20,2.7174949645996094,0,normal
2026-05-14 10:57:21,2.178668975830078,0,normal
2026-05-14 10:57:22,1.6970634460449219,0,normal
2026-05-14 10:57:23,0.9822845458984375,0,normal
2026-05-14 10:57:24,3.1855106353759766,0,normal
2026-05-14 10:57:25,2.214670181274414,0,normal
2026-05-14 10:57:26,3.6084651947021484,0,normal
2026-05-14 10:57:27,2.3000240325927734,0,normal
2026-05-14 10:57:28,2.3903846740722656,0,normal
2026-05-14 10:57:29,1.48773193359375,0,normal
2026-05-14 10:57:30,1.386880874633789,0,normal
2026-05-14 10:57:31,2.402782440185547,0,normal
2026-05-14 10:57:32,1.9543170928955078,0,normal
2026-05-14 10:57:33,5.005121231079102,0,normal
2026-05-14 10:57:34,1.8205642700195312,0,normal
2026-05-14 10:57:35,1.5282630920410156,0,normal
2026-05-14 10:57:36,3.110170364379883,0,normal
2026-05-14 10:57:37,1.8763542175292969,0,normal
2026-05-14 10:57:38,1.77764892578125,0,normal
2026-05-14 10:57:39,0.6215572357177734,0,normal
2026-05-14 10:57:40,0.4813671112060547,0,normal
2026-05-14 10:57:41,3.1981468200683594,0,normal
2026-05-14 10:57:42,1.7850399017333984,0,normal
2026-05-14 10:57:43,1.1723041534423828,0,normal
2026-05-14 10:57:44,1.4123916625976562,0,normal
2026-05-14 10:57:45,2.115964889526367,0,normal
2026-05-14 10:57:47,2.181529998779297,0,normal
2026-05-14 10:57:48,2.129077911376953,0,normal
2026-05-14 10:57:49,1.3470649719238281,0,normal
2026-05-14 10:57:50,1.7421245574951172,0,normal
2026-05-14 10:57:51,4.653692245483398,0,normal
2026-05-14 10:57:52,0.6670951843261719,0,normal
2026-05-14 10:57:53,1.8198490142822266,0,normal
2026-05-14 10:57:54,0.7147789001464844,0,normal
2026-05-14 10:57:55,2.1257400512695312,0,normal
2026-05-14 10:57:56,0.6716251373291016,0,normal
2026-05-14 10:57:57,5.248069763183594,0,normal
2026-05-14 10:57:58,0.5762577056884766,0,normal
2026-05-14 10:57:59,1.6932487487792969,0,normal
2026-05-14 10:58:00,2.2020339965820312,0,normal
2026-05-14 10:58:01,1.6868114471435547,0,normal
2026-05-14 10:58:02,1.863241195678711,0,normal
2026-05-14 10:58:03,2.276897430419922,0,normal
2026-05-14 10:58:04,1.1386871337890625,0,normal
2026-05-14 10:58:05,2.0503997802734375,0,normal
2026-05-14 10:58:06,1.2624263763427734,0,normal
2026-05-14 10:58:07,1.1508464813232422,0,normal
2026-05-14 10:58:08,1.2543201446533203,0,normal
2026-05-14 10:58:09,1.9333362579345703,0,normal
2026-05-14 10:58:10,1.5866756439208984,0,normal
2026-05-14 10:58:11,3.6878585815429688,0,normal
2026-05-14 10:58:12,2.3953914642333984,0,normal
2026-05-14 10:58:13,2.216339111328125,0,normal
2026-05-14 10:58:14,2.035856246948242,0,normal
2026-05-14 10:58:15,1.1670589447021484,0,normal
2026-05-14 10:58:16,2.302408218383789,0,normal
2026-05-14 10:58:17,4.106760025024414,0,normal
2026-05-14 10:58:18,2.211332321166992,0,normal
2026-05-14 10:58:19,1.4312267303466797,0,normal
2026-05-14 10:58:20,2.154827117919922,0,normal
2026-05-14 10:58:21,2.2678375244140625,0,normal
2026-05-14 10:58:22,2.6476383209228516,0,normal
2026-05-14 10:58:23,1.2049674987792969,0,normal
2026-05-14 10:58:24,1.987457275390625,0,normal
2026-05-14 10:58:25,6.685018539428711,0,normal
2026-05-14 10:58:26,2.9115676879882812,0,normal
2026-05-14 10:58:27,2.244710922241211,0,normal
2026-05-14 10:58:28,2.9654502868652344,0,normal
2026-05-14 10:58:29,1.9233226776123047,0,normal
2026-05-14 10:58:30,1.6183853149414062,0,normal
2026-05-14 10:58:31,1.567840576171875,0,normal
2026-05-14 10:58:32,1.7037391662597656,0,normal
2026-05-14 10:58:33,2.418041229248047,0,normal
2026-05-14 10:58:34,2.3102760314941406,0,normal
2026-05-14 10:58:35,1.2440681457519531,0,normal
2026-05-14 10:58:36,0.7112026214599609,0,normal
2026-05-14 10:58:37,1.7483234405517578,0,normal
2026-05-14 10:58:38,0.6613731384277344,0,normal
2026-05-14 10:58:39,1.859426498413086,0,normal
2026-05-14 10:58:40,1.8875598907470703,0,normal
2026-05-14 10:58:41,2.2192001342773438,0,normal
2026-05-14 10:58:42,2.6464462280273438,0,normal
2026-05-14 10:58:43,1.2269020080566406,0,normal
2026-05-14 10:58:44,1.3408660888671875,0,normal
2026-05-14 10:58:45,1.4357566833496094,0,normal
2026-05-14 10:58:46,1.4333724975585938,0,normal
2026-05-14 10:58:47,1.5478134155273438,0,normal
2026-05-14 10:58:48,2.7458667755126953,0,normal
2026-05-14 10:58:49,2.215862274169922,0,normal
2026-05-14 10:58:50,1.6841888427734375,0,normal
2026-05-14 10:58:51,1.6026496887207031,0,normal
2026-05-14 10:58:52,2.534627914428711,0,normal
2026-05-14 10:58:53,2.8836727142333984,0,normal
2026-05-14 10:58:54,0.9076595306396484,0,normal
2026-05-14 10:58:55,2.1011829376220703,0,normal
2026-05-14 10:58:56,2.0346641540527344,0,normal
2026-05-14 10:58:57,1.8062591552734375,0,normal
2026-05-14 10:58:58,1.9462108612060547,0,normal
2026-05-14 10:58:59,3.5905838012695312,0,normal
2026-05-14 10:59:00,2.3429393768310547,0,normal
2026-05-14 10:59:02,1.665353775024414,0,normal
2026-05-14 10:59:03,0.827789306640625,0,normal
2026-05-14 10:59:04,2.3589134216308594,0,normal
2026-05-14 10:59:05,5.20634651184082,0,normal
2026-05-14 10:59:06,2.693653106689453,0,normal
2026-05-14 10:59:07,0.942230224609375,0,normal
2026-05-14 10:59:08,1.3723373413085938,0,normal
2026-05-14 10:59:09,1.3196468353271484,0,normal
2026-05-14 10:59:10,1.5194416046142578,0,normal
2026-05-14 10:59:11,3.7708282470703125,0,normal
2026-05-14 10:59:12,1.1789798736572266,0,normal
2026-05-14 10:59:13,2.9087066650390625,0,normal
2026-05-14 10:59:14,1.4243125915527344,0,normal
2026-05-14 10:59:15,1.8172264099121094,0,normal
2026-05-14 10:59:16,2.146005630493164,0,normal
2026-05-14 10:59:17,2.076387405395508,0,normal
2026-05-14 10:59:18,3.574371337890625,0,normal
2026-05-14 10:59:19,1.1355876922607422,0,normal
2026-05-14 10:59:20,0.9663105010986328,0,normal
2026-05-14 10:59:21,2.630472183227539,0,normal
2026-05-14 10:59:22,1.6481876373291016,0,normal
2026-05-14 10:59:23,1.9540786743164062,0,normal
2026-05-14 10:59:24,3.0388832092285156,0,normal
2026-05-14 10:59:25,1.5869140625,0,normal
2026-05-14 10:59:26,1.256704330444336,0,normal
2026-05-14 10:59:27,1.7461776733398438,0,normal
2026-05-14 10:59:28,2.349376678466797,0,normal
2026-05-14 10:59:29,1.1074542999267578,0,normal
2026-05-14 10:59:30,1.2903213500976562,0,normal
2026-05-14 10:59:31,1.567840576171875,0,normal
2026-05-14 10:59:32,2.340078353881836,0,normal
2026-05-14 10:59:33,3.179311752319336,0,normal
2026-05-14 10:59:34,4.074335098266602,0,normal
2026-05-14 10:59:35,1.6520023345947266,0,normal
2026-05-14 10:59:36,1.9557476043701172,0,normal
2026-05-14 10:59:37,2.919435501098633,0,normal
2026-05-14 10:59:38,1.2900829315185547,0,normal
2026-05-14 10:59:39,0.9982585906982422,0,normal
2026-05-14 10:59:40,1.2493133544921875,0,normal
2026-05-14 10:59:41,6.538629531860352,0,normal
2026-05-14 10:59:42,1.3689994812011719,0,normal
2026-05-14 10:59:43,1.1782646179199219,0,normal
2026-05-14 10:59:44,2.4843215942382812,0,normal
2026-05-14 10:59:45,1.9409656524658203,0,normal
2026-05-14 10:59:46,1.5344619750976562,0,normal
2026-05-14 10:59:47,1.5628337860107422,0,normal
2026-05-14 10:59:48,2.051830291748047,0,normal
2026-05-14 10:59:49,1.3058185577392578,0,normal
2026-05-14 10:59:50,0.7786750793457031,0,normal
2026-05-14 10:59:51,1.6977787017822266,0,normal
2026-05-14 10:59:52,1.4882087707519531,0,normal
2026-05-14 10:59:53,0.7948875427246094,0,normal
2026-05-14 10:59:54,1.0867118835449219,0,normal
2026-05-14 10:59:55,1.0378360748291016,0,normal
2026-05-14 10:59:56,2.038240432739258,0,normal
2026-05-14 10:59:57,2.1398067474365234,0,normal
2026-05-14 10:59:58,2.6242733001708984,0,normal
2026-05-14 10:59:59,1.0814666748046875,0,normal
2026-05-14 11:00:00,1.2671947479248047,0,normal
2026-05-14 11:00:01,0.6392002105712891,0,normal
2026-05-14 11:00:02,0.4093647003173828,0,normal
2026-05-14 11:00:03,3.0045509338378906,0,normal
2026-05-14 11:00:04,0.9827613830566406,0,normal
2026-05-14 11:00:05,1.8877983093261719,0,normal
2026-05-14 11:00:06,0.9162425994873047,0,normal
2026-05-14 11:00:07,2.271413803100586,0,normal
2026-05-14 11:00:08,0.8499622344970703,0,normal
2026-05-14 11:00:09,1.1725425720214844,0,normal
2026-05-14 11:00:10,3.2410621643066406,0,normal
2026-05-14 11:00:11,1.4374256134033203,0,normal
2026-05-14 11:00:12,2.0673274993896484,0,normal
2026-05-14 11:00:13,1.70135498046875,0,normal
2026-05-14 11:00:14,0.7781982421875,0,normal
2026-05-14 11:00:15,1.9254684448242188,0,normal
2026-05-14 11:00:16,0.6015300750732422,0,normal
2026-05-14 11:00:17,1.5444755554199219,0,normal
2026-05-14 11:00:18,1.2066364288330078,0,normal
2026-05-14 11:00:19,2.1865367889404297,0,normal
2026-05-14 11:00:20,0.7576942443847656,0,normal
2026-05-14 11:00:21,0.9000301361083984,0,normal
2026-05-14 11:00:22,0.6697177886962891,0,normal
2026-05-14 11:00:24,1.722574234008789,0,normal
2026-05-14 11:00:25,1.001596450805664,0,normal
2026-05-14 11:00:26,2.142190933227539,0,normal
2026-05-14 11:00:27,5.499124526977539,0,normal
2026-05-14 11:00:28,2.025604248046875,0,normal
2026-05-14 11:00:29,1.058816909790039,0,normal
2026-05-14 11:00:30,1.2989044189453125,0,normal
2026-05-14 11:00:31,2.202272415161133,0,normal
2026-05-14 11:00:32,0.7810592651367188,0,normal
2026-05-14 11:00:33,1.3761520385742188,0,normal
2026-05-14 11:00:34,1.0454654693603516,0,normal
2026-05-14 11:00:35,2.3849010467529297,0,normal
2026-05-14 11:00:36,3.820180892944336,0,normal
2026-05-14 11:00:37,2.597808837890625,0,normal
2026-05-14 11:00:38,2.0036697387695312,0,normal
2026-05-14 11:00:39,0.8981227874755859,0,normal
2026-05-14 11:00:40,2.5963783264160156,0,normal
2026-05-14 11:00:41,0.7419586181640625,0,normal
2026-05-14 11:00:42,1.7380714416503906,0,normal
2026-05-14 11:00:43,1.4996528625488281,0,normal
2026-05-14 11:00:44,1.8782615661621094,0,normal
2026-05-14 11:00:45,1.447439193725586,0,normal
2026-05-14 11:00:46,2.0537376403808594,0,normal
2026-05-14 11:00:47,0.6232261657714844,0,normal
2026-05-14 11:00:48,0.8070468902587891,0,normal
2026-05-14 11:00:49,1.8029212951660156,0,normal
2026-05-14 11:00:50,1.2464523315429688,0,normal
2026-05-14 11:00:51,3.373861312866211,0,normal
2026-05-14 11:00:52,1.3203620910644531,0,normal
2026-05-14 11:00:53,2.2962093353271484,0,normal
2026-05-14 11:00:54,3.331422805786133,0,normal
2026-05-14 11:00:55,1.169443130493164,0,normal
2026-05-14 11:00:56,1.031637191772461,0,normal
2026-05-14 11:00:57,1.1668205261230469,0,normal
2026-05-14 11:00:58,2.4557113647460938,0,normal
2026-05-14 11:00:59,3.2596588134765625,0,normal
2026-05-14 11:01:00,0.9119510650634766,0,normal
2026-05-14 11:01:01,0.8447170257568359,0,normal
2026-05-14 11:01:02,1.613616943359375,0,normal
2026-05-14 11:01:03,1.6644001007080078,0,normal
2026-05-14 11:01:04,0.896453857421875,0,normal
2026-05-14 11:01:05,0.6284713745117188,0,normal
2026-05-14 11:01:06,0.6701946258544922,0,normal
2026-05-14 11:01:07,1.1081695556640625,0,normal
2026-05-14 11:01:08,0.8192062377929688,0,normal
2026-05-14 11:01:09,0.7452964782714844,0,normal
2026-05-14 11:01:10,0.6623268127441406,0,normal
2026-05-14 11:01:11,0.843048095703125,0,normal
2026-05-14 11:01:12,0.6012916564941406,0,normal
2026-05-14 11:01:13,2.9015541076660156,0,normal
2026-05-14 11:01:14,1.1725425720214844,0,normal
2026-05-14 11:01:15,0.9415149688720703,0,normal
2026-05-14 11:01:16,0.7710456848144531,0,normal
2026-05-14 11:01:17,0.7550716400146484,0,normal
2026-05-14 11:01:18,0.6263256072998047,0,normal
2026-05-14 11:01:19,0.6287097930908203,0,normal
2026-05-14 11:01:20,1.0666847229003906,0,normal
2026-05-14 11:01:21,0.6585121154785156,0,normal
2026-05-14 11:01:22,1.0709762573242188,0,normal
2026-05-14 11:01:23,0.8382797241210938,0,normal
2026-05-14 11:01:24,0.89263916015625,0,normal
2026-05-14 11:01:25,2.0117759704589844,0,normal
2026-05-14 11:01:26,1.2385845184326172,0,normal
2026-05-14 11:01:27,4.314661026000977,0,normal
2026-05-14 11:01:28,0.5953311920166016,0,normal
2026-05-14 11:01:29,1.1017322540283203,0,normal
2026-05-14 11:01:30,0.5781650543212891,0,normal
2026-05-14 11:01:31,1.9447803497314453,0,normal
2026-05-14 11:01:32,0.7145404815673828,0,normal
2026-05-14 11:01:33,1.5420913696289062,0,normal
2026-05-14 11:01:34,1.2540817260742188,0,normal
2026-05-14 11:01:35,2.328634262084961,0,normal
2026-05-14 11:01:36,1.5673637390136719,0,normal
2026-05-14 11:01:37,1.1000633239746094,0,normal
2026-05-14 11:01:38,0.5850791931152344,0,normal
2026-05-14 11:01:39,2.0422935485839844,0,normal
2026-05-14 11:01:40,1.6307830810546875,0,normal
2026-05-14 11:01:41,2.307891845703125,0,normal
2026-05-14 11:01:42,2.194643020629883,0,normal
2026-05-14 11:01:43,4.156827926635742,0,normal
2026-05-14 11:01:44,1.806497573852539,0,normal
2026-05-14 11:01:45,3.9200782775878906,0,normal
2026-05-14 11:01:46,1.9431114196777344,0,normal
2026-05-14 11:01:47,1.323699951171875,0,normal
2026-05-14 11:01:48,0.8254051208496094,0,normal
2026-05-14 11:01:49,3.783702850341797,0,normal
2026-05-14 11:01:50,0.7278919219970703,0,normal
2026-05-14 11:01:51,1.7266273498535156,0,normal
2026-05-14 11:01:53,0.9658336639404297,0,normal
2026-05-14 11:01:54,0.7741451263427734,0,normal
2026-05-14 11:01:55,0.7987022399902344,0,normal
2026-05-14 11:01:56,1.1668205261230469,0,normal
2026-05-14 11:01:57,2.3255348205566406,0,normal
2026-05-14 11:01:58,0.6284713745117188,0,normal
2026-05-14 11:01:59,0.7245540618896484,0,normal
2026-05-14 11:02:00,0.7991790771484375,0,normal
2026-05-14 11:02:01,0.7722377777099609,0,normal
2026-05-14 11:02:02,1.9686222076416016,0,normal
2026-05-14 11:02:03,0.8249282836914062,0,normal
2026-05-14 11:02:04,0.9512901306152344,0,normal
2026-05-14 11:02:05,1.056671142578125,0,normal
2026-05-14 11:02:06,2.0177364349365234,0,normal
2026-05-14 11:02:07,0.7128715515136719,0,normal
2026-05-14 11:02:08,0.7128715515136719,0,normal
2026-05-14 11:02:09,0.8676052093505859,0,normal
2026-05-14 11:02:10,0.7841587066650391,0,normal
2026-05-14 11:02:11,1.0142326354980469,0,normal
2026-05-14 11:02:12,0.7708072662353516,0,normal
2026-05-14 11:02:13,0.6532669067382812,0,normal
2026-05-14 11:02:14,1.4770030975341797,0,normal
2026-05-14 11:02:15,0.6413459777832031,0,normal
2026-05-14 11:02:16,1.0161399841308594,0,normal
2026-05-14 11:02:17,0.6034374237060547,0,normal
2026-05-14 11:02:18,2.0132064819335938,0,normal
2026-05-14 11:02:19,0.7739067077636719,0,normal
2026-05-14 11:02:20,0.8687973022460938,0,normal
2026-05-14 11:02:21,2.6526451110839844,0,normal
2026-05-14 11:02:22,1.567840576171875,0,normal
2026-05-14 11:02:23,0.6122589111328125,0,normal
2026-05-14 11:02:24,0.6544589996337891,0,normal
2026-05-14 11:02:25,2.8297901153564453,0,normal
2026-05-14 11:02:26,0.6167888641357422,0,normal
2026-05-14 11:02:27,0.9531974792480469,0,normal
2026-05-14 11:02:28,1.1868476867675781,0,normal
2026-05-14 11:02:29,1.3208389282226562,0,normal
2026-05-14 11:02:30,0.8370876312255859,0,normal
2026-05-14 11:02:31,1.4026165008544922,0,normal
2026-05-14 11:02:32,0.8714199066162109,0,normal
2026-05-14 11:02:33,0.8616447448730469,0,normal
2026-05-14 11:02:34,2.5777816772460938,0,normal
2026-05-14 11:02:35,2.169370651245117,0,normal
2026-05-14 11:02:36,1.5058517456054688,0,normal
2026-05-14 11:02:37,1.8012523651123047,0,normal
2026-05-14 11:02:38,0.6458759307861328,0,normal
2026-05-14 11:02:39,0.66375732421875,0,normal
2026-05-14 11:02:40,1.1072158813476562,0,normal
2026-05-14 11:02:41,1.0814666748046875,0,normal
2026-05-14 11:02:42,0.5786418914794922,0,normal
2026-05-14 11:02:43,1.5912055969238281,0,normal
2026-05-14 11:02:44,0.751495361328125,0,normal
2026-05-14 11:02:45,1.3082027435302734,0,normal
2026-05-14 11:02:46,2.4862289428710938,0,normal
2026-05-14 11:02:47,1.9140243530273438,0,normal
2026-05-14 11:02:48,2.4144649505615234,0,normal
2026-05-14 11:02:49,1.130819320678711,0,normal
2026-05-14 11:02:50,1.215219497680664,0,normal
2026-05-14 11:02:51,0.9560585021972656,0,normal
2026-05-14 11:02:52,0.9458065032958984,0,normal
2026-05-14 11:02:53,1.7139911651611328,0,normal
2026-05-14 11:02:54,1.7995834350585938,0,normal
2026-05-14 11:02:55,1.7311573028564453,0,normal
2026-05-14 11:02:56,2.3272037506103516,0,normal
2026-05-14 11:02:57,2.5784969329833984,0,normal
2026-05-14 11:02:58,1.7383098602294922,0,normal
2026-05-14 11:02:59,2.0329952239990234,0,normal
2026-05-14 11:03:00,1.1341571807861328,0,normal
2026-05-14 11:03:01,2.6443004608154297,0,normal
2026-05-14 11:03:02,0.6420612335205078,0,normal
2026-05-14 11:03:03,0.6339550018310547,0,normal
2026-05-14 11:03:04,1.4111995697021484,0,normal
2026-05-14 11:03:05,2.0644664764404297,0,normal
2026-05-14 11:03:06,0.6337165832519531,0,normal
2026-05-14 11:03:07,1.5401840209960938,0,normal
2026-05-14 11:03:08,0.7395744323730469,0,normal
2026-05-14 11:03:09,1.4660358428955078,0,normal
2026-05-14 11:03:10,4.06646728515625,0,normal
2026-05-14 11:03:11,1.9681453704833984,0,normal
2026-05-14 11:03:12,2.6438236236572266,0,normal
2026-05-14 11:03:13,2.008676528930664,0,normal
2026-05-14 11:03:14,1.2674331665039062,0,normal
2026-05-14 11:03:15,0.9095668792724609,0,normal
2026-05-14 11:03:16,1.6531944274902344,0,normal
2026-05-14 11:03:17,5.148410797119141,0,normal
2026-05-14 11:03:18,0.7860660552978516,0,normal
2026-05-14 11:03:19,0.9391307830810547,0,normal
2026-05-14 11:03:20,3.160238265991211,0,normal
2026-05-14 11:03:21,1.4598369598388672,0,normal
2026-05-14 11:03:22,1.4393329620361328,0,normal
2026-05-14 11:03:23,1.3442039489746094,0,normal
2026-05-14 11:03:25,2.056598663330078,0,normal
2026-05-14 11:03:26,1.5861988067626953,0,normal
2026-05-14 11:03:27,2.0051002502441406,0,normal
2026-05-14 11:03:28,2.6159286499023438,0,normal
2026-05-14 11:03:29,2.1512508392333984,0,normal
2026-05-14 11:03:30,2.1533966064453125,0,normal
2026-05-14 11:03:31,1.9626617431640625,0,normal
2026-05-14 11:03:32,0.6406307220458984,0,normal
2026-05-14 11:03:33,1.9943714141845703,0,normal
2026-05-14 11:03:34,1.802682876586914,0,normal
2026-05-14 11:03:35,0.8692741394042969,0,normal
2026-05-14 11:03:36,1.2738704681396484,0,normal
2026-05-14 11:03:37,1.8506050109863281,0,normal
2026-05-14 11:03:38,0.8962154388427734,0,normal
2026-05-14 11:03:39,1.9311904907226562,0,normal
2026-05-14 11:03:40,1.7905235290527344,0,normal
2026-05-14 11:03:41,2.144336700439453,0,normal
2026-05-14 11:03:42,2.8998851776123047,0,normal
2026-05-14 11:03:43,1.402139663696289,0,normal
2026-05-14 11:03:44,2.569913864135742,0,normal
2026-05-14 11:03:45,2.009868621826172,0,normal
2026-05-14 11:03:46,3.161907196044922,0,normal
2026-05-14 11:03:47,1.1639595031738281,0,normal
2026-05-14 11:03:48,0.5090236663818359,0,normal
2026-05-14 11:03:49,1.4226436614990234,0,normal
2026-05-14 11:03:50,1.7113685607910156,0,normal
2026-05-14 11:03:51,1.3632774353027344,0,normal
2026-05-14 11:03:52,1.2006759643554688,0,normal
2026-05-14 11:03:53,2.1505355834960938,0,normal
2026-05-14 11:03:54,1.7697811126708984,0,normal
2026-05-14 11:03:55,1.8012523651123047,0,normal
2026-05-14 11:03:56,2.806425094604492,0,normal
2026-05-14 11:03:57,2.3348331451416016,0,normal
2026-05-14 11:03:58,0.7741451263427734,0,normal
2026-05-14 11:03:59,1.3971328735351562,0,normal
2026-05-14 11:04:00,0.8471012115478516,0,normal
2026-05-14 11:04:01,3.3729076385498047,0,normal
2026-05-14 11:04:02,2.0270347595214844,0,normal
2026-05-14 11:04:03,0.7290840148925781,0,normal
2026-05-14 11:04:04,1.711130142211914,0,normal
2026-05-14 11:04:05,1.5637874603271484,0,normal
2026-05-14 11:04:06,0.7433891296386719,0,normal
2026-05-14 11:04:07,3.083944320678711,0,normal
2026-05-14 11:04:08,1.7826557159423828,0,normal
2026-05-14 11:04:09,1.2335777282714844,0,normal
2026-05-14 11:04:10,1.0173320770263672,0,normal
2026-05-14 11:04:11,0.9071826934814453,0,normal
2026-05-14 11:04:12,0.9057521820068359,0,normal
2026-05-14 11:04:13,0.6799697875976562,0,normal
2026-05-14 11:04:14,1.5382766723632812,0,normal
2026-05-14 11:04:15,0.637054443359375,0,normal
2026-05-14 11:04:16,1.2774467468261719,0,normal
2026-05-14 11:04:17,0.5712509155273438,0,normal
2026-05-14 11:04:18,2.0635128021240234,0,normal
2026-05-14 11:04:19,4.282951354980469,0,normal
2026-05-14 11:04:20,0.6260871887207031,0,normal
2026-05-14 11:04:21,1.695871353149414,0,normal
2026-05-14 11:04:22,1.7752647399902344,0,normal
2026-05-14 11:04:23,2.2051334381103516,0,normal
2026-05-14 11:04:24,2.4237632751464844,0,normal
2026-05-14 11:04:25,0.6835460662841797,0,normal
2026-05-14 11:04:26,1.0242462158203125,0,normal
2026-05-14 11:04:27,1.2922286987304688,0,normal
2026-05-14 11:04:28,0.9469985961914062,0,normal
2026-05-14 11:04:29,3.2694339752197266,0,normal
2026-05-14 11:04:30,2.087831497192383,0,normal
2026-05-14 11:04:31,3.236055374145508,0,normal
2026-05-14 11:04:32,1.2025833129882812,0,normal
2026-05-14 11:04:33,1.6014575958251953,0,normal
2026-05-14 11:04:34,0.8399486541748047,0,normal
2026-05-14 11:04:35,1.5137195587158203,0,normal
2026-05-14 11:04:36,3.017425537109375,0,normal
2026-05-14 11:04:37,1.6415119171142578,0,normal
2026-05-14 11:04:38,1.3892650604248047,0,normal
2026-05-14 11:04:39,1.4734268188476562,0,normal
2026-05-14 11:04:40,1.936197280883789,0,normal
2026-05-14 11:04:41,1.6741752624511719,0,normal
2026-05-14 11:04:42,5.854606628417969,0,normal
2026-05-14 11:04:43,2.2089481353759766,0,normal
2026-05-14 11:04:44,1.4162063598632812,0,normal
2026-05-14 11:04:45,3.4258365631103516,0,normal
2026-05-14 11:04:46,0.7803440093994141,0,normal
2026-05-14 11:04:47,2.3467540740966797,0,normal
2026-05-14 11:04:48,1.3730525970458984,0,normal
2026-05-14 11:04:49,1.4526844024658203,0,normal
2026-05-14 11:04:50,0.8597373962402344,0,normal
2026-05-14 11:04:51,0.8752346038818359,0,normal
2026-05-14 11:04:52,1.5120506286621094,0,normal
2026-05-14 11:04:54,3.4439563751220703,0,normal
2026-05-14 11:04:55,5.105733871459961,0,normal
2026-05-14 11:04:56,0.9157657623291016,0,normal
2026-05-14 11:04:57,1.8329620361328125,0,normal
2026-05-14 11:04:58,1.4576911926269531,0,normal
2026-05-14 11:04:59,1.1246204376220703,0,normal
2026-05-14 11:05:00,3.1461715698242188,0,normal
2026-05-14 11:05:01,1.2755393981933594,0,normal
2026-05-14 11:05:02,1.2307167053222656,0,normal
2026-05-14 11:05:03,5.302190780639648,0,normal
2026-05-14 11:05:04,1.974344253540039,0,normal
2026-05-14 11:05:05,1.7528533935546875,0,normal
2026-05-14 11:05:06,4.2629241943359375,0,normal
2026-05-14 11:05:07,6.00433349609375,0,normal
2026-05-14 11:05:08,0.8721351623535156,0,normal
2026-05-14 11:05:09,4.742622375488281,0,normal
2026-05-14 11:05:10,2.9523372650146484,0,normal
2026-05-14 11:05:11,2.569913864135742,0,normal
2026-05-14 11:05:12,1.527547836303711,0,normal
2026-05-14 11:05:13,1.2767314910888672,0,normal
2026-05-14 11:05:14,0.6577968597412109,0,normal
2026-05-14 11:05:15,6.476879119873047,0,normal
2026-05-14 11:05:16,1.1930465698242188,0,normal
2026-05-14 11:05:17,0.5323886871337891,0,normal
2026-05-14 11:05:18,1.0635852813720703,0,normal
2026-05-14 11:05:19,1.6100406646728516,0,normal
2026-05-14 11:05:20,1.8045902252197266,0,normal
2026-05-14 11:05:21,1.6245841979980469,0,normal
2026-05-14 11:05:22,3.8652420043945312,0,normal
2026-05-14 11:05:23,2.615690231323242,0,normal
2026-05-14 11:05:24,1.8131732940673828,0,normal
2026-05-14 11:05:25,1.2297630310058594,0,normal
2026-05-14 11:05:26,1.6293525695800781,0,normal
2026-05-14 11:05:27,2.06756591796875,0,normal
2026-05-14 11:05:28,4.094123840332031,0,normal
2026-05-14 11:05:29,1.5039443969726562,0,normal
2026-05-14 11:05:30,0.5207061767578125,0,normal
2026-05-14 11:05:31,1.7137527465820312,0,normal
2026-05-14 11:05:32,3.0405521392822266,0,normal
2026-05-14 11:05:33,2.3691654205322266,0,normal
2026-05-14 11:05:34,1.2764930725097656,0,normal
2026-05-14 11:05:35,1.4591217041015625,0,normal
2026-05-14 11:05:36,1.8765926361083984,0,normal
2026-05-14 11:05:37,0.9827613830566406,0,normal
2026-05-14 11:05:38,1.7254352569580078,0,normal
2026-05-14 11:05:39,3.068208694458008,0,normal
2026-05-14 11:05:40,0.6306171417236328,0,normal
2026-05-14 11:05:41,1.9178390502929688,0,normal
2026-05-14 11:05:42,0.5371570587158203,0,normal
2026-05-14 11:05:43,2.0303726196289062,0,normal
2026-05-14 11:05:44,1.5769004821777344,0,normal
2026-05-14 11:05:45,0.5888938903808594,0,normal
2026-05-14 11:05:46,4.413843154907227,0,normal
2026-05-14 11:05:47,2.0308494567871094,0,normal
2026-05-14 11:05:48,2.6154518127441406,0,normal
2026-05-14 11:05:49,0.7472038269042969,0,normal
2026-05-14 11:05:50,0.8132457733154297,0,normal
2026-05-14 11:05:51,2.2995471954345703,0,normal
2026-05-14 11:05:52,3.250598907470703,0,normal
2026-05-14 11:05:53,1.6181468963623047,0,normal
2026-05-14 11:05:54,1.0514259338378906,0,normal
2026-05-14 11:05:55,1.0557174682617188,0,normal
2026-05-14 11:05:56,1.695394515991211,0,normal
2026-05-14 11:05:57,3.404855728149414,0,normal
2026-05-14 11:05:58,2.2497177124023438,0,normal
2026-05-14 11:05:59,0.8893013000488281,0,normal
2026-05-14 11:06:00,1.9273757934570312,0,normal
2026-05-14 11:06:01,4.250049591064453,0,normal
2026-05-14 11:06:02,1.405954360961914,0,normal
2026-05-14 11:06:03,1.3153553009033203,0,normal
2026-05-14 11:06:04,1.678466796875,0,normal
2026-05-14 11:06:05,1.7459392547607422,0,normal
2026-05-14 11:06:06,0.8685588836669922,0,normal
2026-05-14 11:06:07,1.4910697937011719,0,normal
2026-05-14 11:06:08,1.8723011016845703,0,normal
2026-05-14 11:06:09,1.5072822570800781,0,normal
2026-05-14 11:06:10,1.7621517181396484,0,normal
2026-05-14 11:06:11,0.5071163177490234,0,normal
2026-05-14 11:06:13,1.2655258178710938,0,normal
2026-05-14 11:06:14,2.1359920501708984,0,normal
2026-05-14 11:06:15,1.0647773742675781,0,normal
2026-05-14 11:06:16,1.0650157928466797,0,normal
2026-05-14 11:06:17,1.6350746154785156,0,normal
2026-05-14 11:06:18,1.6562938690185547,0,normal
2026-05-14 11:06:19,0.8513927459716797,0,normal
2026-05-14 11:06:20,1.6129016876220703,0,normal
2026-05-14 11:06:21,0.7817745208740234,0,normal
2026-05-14 11:06:22,1.07574462890625,0,normal
2026-05-14 11:06:23,0.6442070007324219,0,normal
2026-05-14 11:06:24,0.8044242858886719,0,normal
2026-05-14 11:06:25,1.5399456024169922,0,normal
2026-05-14 11:06:26,2.641916275024414,0,normal
2026-05-14 11:06:27,1.4071464538574219,0,normal
2026-05-14 11:06:28,1.8913745880126953,0,normal
2026-05-14 11:06:29,2.053499221801758,0,normal
2026-05-14 11:06:30,2.630949020385742,0,normal
2026-05-14 11:06:31,2.213716506958008,0,normal
2026-05-14 11:06:32,1.7380714416503906,0,normal
2026-05-14 11:06:33,2.087831497192383,0,normal
2026-05-14 11:06:34,2.0051002502441406,0,normal
2026-05-14 11:06:35,1.996755599975586,0,normal
2026-05-14 11:06:36,2.6404857635498047,0,normal
2026-05-14 11:06:37,1.9025802612304688,0,normal
2026-05-14 11:06:38,2.9938220977783203,0,normal
2026-05-14 11:06:39,1.9304752349853516,0,normal
2026-05-14 11:06:40,2.705097198486328,0,normal
2026-05-14 11:06:41,1.0652542114257812,0,normal
2026-05-14 11:06:42,2.4178028106689453,0,normal
2026-05-14 11:06:43,0.9288787841796875,0,normal
2026-05-14 11:06:44,2.2275447845458984,0,normal
2026-05-14 11:06:45,2.458810806274414,0,normal
2026-05-14 11:06:46,6.290912628173828,0,normal
2026-05-14 11:06:47,2.351522445678711,0,normal
2026-05-14 11:06:48,3.288745880126953,0,normal
2026-05-14 11:06:49,0.5919933319091797,0,normal
2026-05-14 11:06:50,1.210927963256836,0,normal
2026-05-14 11:06:51,5.790233612060547,0,normal
2026-05-14 11:06:52,1.9488334655761719,0,normal
2026-05-14 11:06:53,1.3606548309326172,0,normal
2026-05-14 11:06:54,1.127481460571289,0,normal
2026-05-14 11:06:55,1.7473697662353516,0,normal
2026-05-14 11:06:56,0.6167888641357422,0,normal
2026-05-14 11:06:57,1.9800662994384766,0,normal
2026-05-14 11:06:58,3.6110877990722656,0,normal
2026-05-14 11:06:59,0.8637905120849609,0,normal
2026-05-14 11:07:00,1.3515949249267578,0,normal
2026-05-14 11:07:01,1.3325214385986328,0,normal
2026-05-14 11:07:02,1.3489723205566406,0,normal
2026-05-14 11:07:03,1.9025802612304688,0,normal
2026-05-14 11:07:04,3.021240234375,0,normal
2026-05-14 11:07:05,1.4607906341552734,0,normal
2026-05-14 11:07:06,1.9674301147460938,0,normal
2026-05-14 11:07:07,2.7980804443359375,0,normal
2026-05-14 11:07:08,1.8634796142578125,0,normal
2026-05-14 11:07:09,0.8041858673095703,0,normal
2026-05-14 11:07:10,4.065275192260742,0,normal
2026-05-14 11:07:11,1.2652873992919922,0,normal
2026-05-14 11:07:12,2.1011829376220703,0,normal
2026-05-14 11:07:13,5.464076995849609,0,normal
2026-05-14 11:07:14,1.4014244079589844,0,normal
2026-05-14 11:07:15,1.6968250274658203,0,normal
2026-05-14 11:07:16,4.974842071533203,0,normal
2026-05-14 11:07:17,1.7361640930175781,0,normal
2026-05-14 11:07:18,1.802206039428711,0,normal
2026-05-14 11:07:19,1.3663768768310547,0,normal
2026-05-14 11:07:20,0.6232261657714844,0,normal
2026-05-14 11:07:21,1.8801689147949219,0,normal
2026-05-14 11:07:22,2.0689964294433594,0,normal
2026-05-14 11:07:23,2.1317005157470703,0,normal
2026-05-14 11:07:24,0.8504390716552734,0,normal
2026-05-14 11:07:25,2.719402313232422,0,normal
2026-05-14 11:07:26,0.499725341796875,0,normal
2026-05-14 11:07:27,1.6427040100097656,0,normal
2026-05-14 11:07:28,1.1448860168457031,0,normal
2026-05-14 11:07:29,2.3887157440185547,0,normal
2026-05-14 11:07:30,0.6740093231201172,0,normal
2026-05-14 11:07:31,3.036022186279297,0,normal
2026-05-14 11:07:32,1.7857551574707031,0,normal
2026-05-14 11:07:34,2.5916099548339844,0,normal
2026-05-14 11:07:35,2.6128292083740234,0,normal
2026-05-14 11:07:36,2.6619434356689453,0,normal
2026-05-14 11:07:37,1.0793209075927734,0,normal
2026-05-14 11:07:38,1.8041133880615234,0,normal
2026-05-14 11:07:39,1.0328292846679688,0,normal
2026-05-14 11:07:40,3.1998157501220703,0,normal
2026-05-14 11:07:41,1.6710758209228516,0,normal
2026-05-14 11:07:42,1.0852813720703125,0,normal
2026-05-14 11:07:43,3.2927989959716797,0,normal
2026-05-14 11:07:44,3.9746761322021484,0,normal
2026-05-14 11:07:45,1.6329288482666016,0,normal
2026-05-14 11:07:46,0.5524158477783203,0,normal
2026-05-14 11:07:47,1.5714168548583984,0,normal
2026-05-14 11:07:48,1.9116401672363281,0,normal
2026-05-14 11:07:49,0.6306171417236328,0,normal
2026-05-14 11:07:50,1.638174057006836,0,normal
2026-05-14 11:07:51,0.7119178771972656,0,normal
2026-05-14 11:07:52,1.4297962188720703,0,normal
2026-05-14 11:07:53,1.6100406646728516,0,normal
2026-05-14 11:07:54,2.506732940673828,0,normal
2026-05-14 11:07:55,0.6301403045654297,0,normal
2026-05-14 11:07:56,2.3050308227539062,0,normal
2026-05-14 11:07:57,1.049041748046875,0,normal
2026-05-14 11:07:58,1.972198486328125,0,normal
2026-05-14 11:07:59,0.9870529174804688,0,normal
2026-05-14 11:08:00,0.5643367767333984,0,normal
2026-05-14 11:08:01,0.9927749633789062,0,normal
2026-05-14 11:08:02,1.005411148071289,0,normal
2026-05-14 11:08:03,1.5244483947753906,0,normal
2026-05-14 11:08:04,0.7708072662353516,0,normal
2026-05-14 11:08:05,2.3355484008789062,0,normal
2026-05-14 11:08:06,5.741119384765625,0,normal
2026-05-14 11:08:07,2.886056900024414,0,normal
2026-05-14 11:08:08,1.007080078125,0,normal
2026-05-14 11:08:09,3.1843185424804688,0,normal
2026-05-14 11:08:10,2.0313262939453125,0,normal
2026-05-14 11:08:11,1.9688606262207031,0,normal
2026-05-14 11:08:12,2.081632614135742,0,normal
2026-05-14 11:08:13,1.41143798828125,0,normal
2026-05-14 11:08:14,1.6872882843017578,0,normal
2026-05-14 11:08:15,1.7399787902832031,0,normal
2026-05-14 11:08:16,0.9310245513916016,0,normal
2026-05-14 11:08:17,0.7610321044921875,0,normal
2026-05-14 11:08:18,1.9659996032714844,0,normal
2026-05-14 11:08:19,2.117156982421875,0,normal
2026-05-14 11:08:20,1.6634464263916016,0,normal
2026-05-14 11:08:21,1.0161399841308594,0,normal
2026-05-14 11:08:22,1.3875961303710938,0,normal
2026-05-14 11:08:23,3.6954879760742188,0,normal
2026-05-14 11:08:24,1.7406940460205078,0,normal
2026-05-14 11:08:25,2.4988651275634766,0,normal
2026-05-14 11:08:26,4.259586334228516,0,normal
2026-05-14 11:08:27,0.8831024169921875,0,normal
2026-05-14 11:08:28,0.9322166442871094,0,normal
2026-05-14 11:08:29,1.1663436889648438,0,normal
2026-05-14 11:08:30,1.1019706726074219,0,normal
2026-05-14 11:08:31,1.0352134704589844,0,normal
2026-05-14 11:08:32,1.4564990997314453,0,normal
2026-05-14 11:08:33,1.928091049194336,0,normal
2026-05-14 11:08:34,1.7821788787841797,0,normal
2026-05-14 11:08:35,1.4710426330566406,0,normal
2026-05-14 11:08:36,1.844644546508789,0,normal
2026-05-14 11:08:37,1.7485618591308594,0,normal
2026-05-14 11:08:38,2.0220279693603516,0,normal
2026-05-14 11:08:39,1.6744136810302734,0,normal
2026-05-14 11:08:40,1.6019344329833984,0,normal
2026-05-14 11:08:41,2.418994903564453,0,normal
2026-05-14 11:08:42,0.6988048553466797,0,normal
2026-05-14 11:08:43,2.4657249450683594,0,normal
2026-05-14 11:08:44,1.9462108612060547,0,normal
2026-05-14 11:08:45,0.8232593536376953,0,normal
2026-05-14 11:08:46,3.536224365234375,0,normal
2026-05-14 11:08:47,0.7927417755126953,0,normal
2026-05-14 11:08:48,1.6982555389404297,0,normal
2026-05-14 11:08:49,1.0309219360351562,0,normal
2026-05-14 11:08:50,1.9557476043701172,0,normal
2026-05-14 11:08:51,3.7462711334228516,0,normal
2026-05-14 11:08:52,5.121469497680664,0,normal
2026-05-14 11:08:53,2.988576889038086,0,normal
2026-05-14 11:08:55,3.611326217651367,0,normal
2026-05-14 11:08:56,1.5635490417480469,0,normal
2026-05-14 11:08:57,3.6101341247558594,0,normal
2026-05-14 11:08:58,1.9121170043945312,0,normal
2026-05-14 11:08:59,1.1370182037353516,0,normal
2026-05-14 11:09:00,2.0055770874023438,0,normal
2026-05-14 11:09:01,4.5299530029296875,0,normal
2026-05-14 11:09:02,1.4269351959228516,0,normal
2026-05-14 11:09:03,1.6820430755615234,0,normal
2026-05-14 11:09:04,2.0008087158203125,0,normal
2026-05-14 11:09:05,1.8551349639892578,0,normal
2026-05-14 11:09:06,1.4655590057373047,0,normal
2026-05-14 11:09:07,1.6756057739257812,0,normal
2026-05-14 11:09:08,1.1928081512451172,0,normal
2026-05-14 11:09:09,1.9335746765136719,0,normal
2026-05-14 11:09:10,2.4123191833496094,0,normal
2026-05-14 11:09:11,1.850128173828125,0,normal
2026-05-14 11:09:12,2.1104812622070312,0,normal
2026-05-14 11:09:13,0.9927749633789062,0,normal
2026-05-14 11:09:14,1.142263412475586,0,normal
2026-05-14 11:09:15,1.5652179718017578,0,normal
2026-05-14 11:09:16,2.2928714752197266,0,normal
2026-05-14 11:09:17,3.258228302001953,0,normal
2026-05-14 11:09:18,1.5718936920166016,0,normal
2026-05-14 11:09:19,2.099752426147461,0,normal
2026-05-14 11:09:20,2.0809173583984375,0,normal
2026-05-14 11:09:21,1.6703605651855469,0,normal
2026-05-14 11:09:22,1.0211467742919922,0,normal
2026-05-14 11:09:23,2.125978469848633,0,normal
2026-05-14 11:09:24,6.080150604248047,0,normal
2026-05-14 11:09:25,3.8857460021972656,0,normal
2026-05-14 11:09:26,1.0426044464111328,0,normal
2026-05-14 11:09:27,1.15203857421875,0,normal
2026-05-14 11:09:28,2.553224563598633,0,normal
2026-05-14 11:09:29,1.8815994262695312,0,normal
2026-05-14 11:09:30,2.1517276763916016,0,normal
2026-05-14 11:09:31,2.516031265258789,0,normal
2026-05-14 11:09:32,2.6819705963134766,0,normal
2026-05-14 11:09:33,1.2383460998535156,0,normal
2026-05-14 11:09:34,2.8634071350097656,0,normal
2026-05-14 11:09:35,1.6884803771972656,0,normal
2026-05-14 11:09:36,2.3050308227539062,0,normal
2026-05-14 11:09:37,1.687765121459961,0,normal
2026-05-14 11:09:38,1.729726791381836,0,normal
2026-05-14 11:09:39,1.5354156494140625,0,normal
2026-05-14 11:09:40,0.7653236389160156,0,normal
2026-05-14 11:09:41,0.8056163787841797,0,normal
2026-05-14 11:09:42,1.302480697631836,0,normal
2026-05-14 11:09:43,1.5871524810791016,0,normal
2026-05-14 11:09:44,2.994537353515625,0,normal
2026-05-14 11:09:45,1.6665458679199219,0,normal
2026-05-14 11:09:46,2.0084381103515625,0,normal
2026-05-14 11:09:47,0.8788108825683594,0,normal
2026-05-14 11:09:48,2.6836395263671875,0,normal
2026-05-14 11:09:49,4.570722579956055,0,normal
2026-05-14 11:09:50,1.718759536743164,0,normal
2026-05-14 11:09:51,5.600690841674805,0,normal
2026-05-14 11:09:52,1.9054412841796875,0,normal
2026-05-14 11:09:53,1.4920234680175781,0,normal
2026-05-14 11:09:54,0.8533000946044922,0,normal
2026-05-14 11:09:55,1.0936260223388672,0,normal
2026-05-14 11:09:56,1.641988754272461,0,normal
2026-05-14 11:09:57,1.7621517181396484,0,normal
2026-05-14 11:09:58,1.5685558319091797,0,normal
2026-05-14 11:09:59,0.5285739898681641,0,normal
2026-05-14 11:10:00,4.073381423950195,0,normal
2026-05-14 11:10:01,0.5261898040771484,0,normal
2026-05-14 11:10:02,2.4683475494384766,0,normal
2026-05-14 11:10:03,2.0754337310791016,0,normal
2026-05-14 11:10:04,2.9785633087158203,0,normal
2026-05-14 11:10:05,3.6308765411376953,0,normal
2026-05-14 11:10:06,1.1661052703857422,0,normal
2026-05-14 11:10:07,1.0409355163574219,0,normal
2026-05-14 11:10:08,1.1277198791503906,0,normal
2026-05-14 11:10:09,2.531766891479492,0,normal
2026-05-14 11:10:10,1.3616085052490234,0,normal
2026-05-14 11:10:11,1.2044906616210938,0,normal
2026-05-14 11:10:13,1.8241405487060547,0,normal
2026-05-14 11:10:14,1.1758804321289062,0,normal
2026-05-14 11:10:15,3.686189651489258,0,normal
2026-05-14 11:10:16,3.763914108276367,0,normal
2026-05-14 11:10:17,2.291440963745117,0,normal
2026-05-14 11:10:18,3.059864044189453,0,normal
2026-05-14 11:10:19,2.879619598388672,0,normal
2026-05-14 11:10:20,1.6384124755859375,0,normal
2026-05-14 11:10:21,2.363443374633789,0,normal
2026-05-14 11:10:22,2.4557113647460938,0,normal
2026-05-14 11:10:23,2.153635025024414,0,normal
2026-05-14 11:10:24,1.140594482421875,0,normal
2026-05-14 11:10:25,2.1276473999023438,0,normal
2026-05-14 11:10:26,1.0213851928710938,0,normal
2026-05-14 11:10:27,2.805948257446289,0,normal
2026-05-14 11:10:28,1.087188720703125,0,normal
2026-05-14 11:10:29,1.4209747314453125,0,normal
2026-05-14 11:10:30,3.321409225463867,0,normal
2026-05-14 11:10:31,1.8537044525146484,0,normal
2026-05-14 11:10:32,1.3167858123779297,0,normal
2026-05-14 11:10:33,1.119375228881836,0,normal
2026-05-14 11:10:34,2.3925304412841797,0,normal
2026-05-14 11:10:35,2.9854774475097656,0,normal
2026-05-14 11:10:36,0.7193088531494141,0,normal
2026-05-14 11:10:37,0.6797313690185547,0,normal
2026-05-14 11:10:38,1.2753009796142578,0,normal
2026-05-14 11:10:39,2.9888153076171875,0,normal
2026-05-14 11:10:40,0.6117820739746094,0,normal
2026-05-14 11:10:41,1.3713836669921875,0,normal
2026-05-14 11:10:42,1.4157295227050781,0,normal
2026-05-14 11:10:43,2.000570297241211,0,normal
2026-05-14 11:10:44,1.7549991607666016,0,normal
2026-05-14 11:10:45,1.9223690032958984,0,normal
2026-05-14 11:10:46,1.6477108001708984,0,normal
2026-05-14 11:10:47,1.4350414276123047,0,normal
2026-05-14 11:10:48,0.9667873382568359,0,normal
2026-05-14 11:10:49,3.364086151123047,0,normal
2026-05-14 11:10:50,2.1729469299316406,0,normal
2026-05-14 11:10:51,1.8765926361083984,0,normal
2026-05-14 11:10:52,1.8286705017089844,0,normal
2026-05-14 11:10:53,3.5965442657470703,0,normal
2026-05-14 11:10:54,2.2420883178710938,0,normal
2026-05-14 11:10:55,2.0422935485839844,0,normal
2026-05-14 11:10:56,1.9681453704833984,0,normal
2026-05-14 11:10:57,2.426624298095703,0,normal
2026-05-14 11:10:58,1.5399456024169922,0,normal
2026-05-14 11:10:59,2.5053024291992188,0,normal
2026-05-14 11:11:00,1.5697479248046875,0,normal
2026-05-14 11:11:01,1.5628337860107422,0,normal
2026-05-14 11:11:02,1.134634017944336,0,normal
2026-05-14 11:11:03,1.1246204376220703,0,normal
2026-05-14 11:11:04,1.2581348419189453,0,normal
2026-05-14 11:11:05,2.014636993408203,0,normal
2026-05-14 11:11:06,1.5101432800292969,0,normal
2026-05-14 11:11:07,5.2547454833984375,0,normal
2026-05-14 11:11:08,0.8451938629150391,0,normal
2026-05-14 11:11:09,0.6144046783447266,0,normal
2026-05-14 11:11:10,0.7348060607910156,0,normal
2026-05-14 11:11:11,1.3933181762695312,0,normal
2026-05-14 11:11:12,1.744985580444336,0,normal
2026-05-14 11:11:13,1.9791126251220703,0,normal
2026-05-14 11:11:14,1.2943744659423828,0,normal
2026-05-14 11:11:15,0.7510185241699219,0,normal
2026-05-14 11:11:16,1.8911361694335938,0,normal
2026-05-14 11:11:17,1.926422119140625,0,normal
2026-05-14 11:11:18,1.5022754669189453,0,normal
2026-05-14 11:11:19,2.399921417236328,0,normal
2026-05-14 11:11:20,3.197193145751953,0,normal
2026-05-14 11:11:21,1.9922256469726562,0,normal
2026-05-14 11:11:22,1.3232231140136719,0,normal
2026-05-14 11:11:23,2.37274169921875,0,normal
2026-05-14 11:11:24,2.1839141845703125,0,normal
2026-05-14 11:11:25,1.6291141510009766,0,normal
2026-05-14 11:11:27,1.2974739074707031,0,normal
2026-05-14 11:11:28,2.4085044860839844,0,normal
2026-05-14 11:11:29,2.300262451171875,0,normal
2026-05-14 11:11:30,3.2579898834228516,0,normal
2026-05-14 11:11:31,3.1893253326416016,0,normal
2026-05-14 11:11:32,2.378702163696289,0,normal
2026-05-14 11:11:33,2.9723644256591797,0,normal
2026-05-14 11:11:34,1.2388229370117188,0,normal
2026-05-14 11:11:35,1.7142295837402344,0,normal
2026-05-14 11:11:36,0.9436607360839844,0,normal
2026-05-14 11:11:37,2.0699501037597656,0,normal
2026-05-14 11:11:38,0.6301403045654297,0,normal
2026-05-14 11:11:39,1.1358261108398438,0,normal
2026-05-14 11:11:40,1.3403892517089844,0,normal
2026-05-14 11:11:41,2.357006072998047,0,normal
2026-05-14 11:11:42,0.6849765777587891,0,normal
2026-05-14 11:11:43,2.585172653198242,0,normal
2026-05-14 11:11:44,1.577138900756836,0,normal
2026-05-14 11:11:45,6.092548370361328,0,normal
2026-05-14 11:11:46,2.005338668823242,0,normal
2026-05-14 11:11:47,1.2025833129882812,0,normal
2026-05-14 11:11:48,1.7633438110351562,0,normal
2026-05-14 11:11:49,3.4520626068115234,0,normal
2026-05-14 11:11:50,1.7004013061523438,0,normal
2026-05-14 11:11:51,1.483917236328125,0,normal
2026-05-14 11:11:52,1.9698143005371094,0,normal
2026-05-14 11:11:53,2.0592212677001953,0,normal
2026-05-14 11:11:54,1.277923583984375,0,normal
2026-05-14 11:11:55,1.6236305236816406,0,normal
2026-05-14 11:11:56,1.9848346710205078,0,normal
2026-05-14 11:11:57,2.101898193359375,0,normal
2026-05-14 11:11:58,2.2313594818115234,0,normal
2026-05-14 11:11:59,1.9037723541259766,0,normal
2026-05-14 11:12:00,0.9009838104248047,0,normal
2026-05-14 11:12:01,1.3914108276367188,0,normal
2026-05-14 11:12:02,0.48732757568359375,0,normal
2026-05-14 11:12:03,1.2280941009521484,0,normal
2026-05-14 11:12:04,0.7009506225585938,0,normal
2026-05-14 11:12:05,2.305746078491211,0,normal
2026-05-14 11:12:06,1.0671615600585938,0,normal
2026-05-14 11:12:07,0.7028579711914062,0,normal
2026-05-14 11:12:08,2.1202564239501953,0,normal
2026-05-14 11:12:09,1.1243820190429688,0,normal
2026-05-14 11:12:10,1.0180473327636719,0,normal
2026-05-14 11:12:11,0.9007453918457031,0,normal
2026-05-14 11:12:12,2.2585391998291016,0,normal
2026-05-14 11:12:13,1.0380744934082031,0,normal
2026-05-14 11:12:14,1.4693737030029297,0,normal
2026-05-14 11:12:15,2.492666244506836,0,normal
2026-05-14 11:12:16,4.329442977905273,0,normal
2026-05-14 11:12:17,1.1034011840820312,0,normal
2026-05-14 11:12:18,1.7905235290527344,0,normal
2026-05-14 11:12:19,2.8040409088134766,0,normal
2026-05-14 11:12:20,1.7242431640625,0,normal
2026-05-14 11:12:21,2.402782440185547,0,normal
2026-05-14 11:12:22,0.9729862213134766,0,normal
2026-05-14 11:12:23,1.4591217041015625,0,normal
2026-05-14 11:12:24,1.6145706176757812,0,normal
2026-05-14 11:12:25,1.0638236999511719,0,normal
2026-05-14 11:12:26,1.249551773071289,0,normal
2026-05-14 11:12:27,1.5904903411865234,0,normal
2026-05-14 11:12:28,3.60870361328125,0,normal
2026-05-14 11:12:29,1.425027847290039,0,normal
2026-05-14 11:12:30,2.851724624633789,0,normal
2026-05-14 11:12:31,0.7793903350830078,0,normal
2026-05-14 11:12:32,1.2514591217041016,0,normal
2026-05-14 11:12:33,1.8672943115234375,0,normal
2026-05-14 11:12:34,5.135774612426758,0,normal
2026-05-14 11:12:35,0.7491111755371094,0,normal
2026-05-14 11:12:36,2.7959346771240234,0,normal
2026-05-14 11:12:37,1.2471675872802734,0,normal
2026-05-14 11:12:38,1.5523433685302734,0,normal
2026-05-14 11:12:39,2.3763179779052734,0,normal
2026-05-14 11:12:40,1.4328956604003906,0,normal
2026-05-14 11:12:41,1.5950202941894531,0,normal
2026-05-14 11:12:42,2.6273727416992188,0,normal
2026-05-14 11:12:43,1.149892807006836,0,normal
2026-05-14 11:12:44,0.9212493896484375,0,normal
2026-05-14 11:12:45,2.9501914978027344,0,normal
2026-05-14 11:12:47,1.7242431640625,0,normal
2026-05-14 11:12:48,4.749536514282227,0,normal
2026-05-14 11:12:49,0.9746551513671875,0,normal
2026-05-14 11:12:50,1.8508434295654297,0,normal
2026-05-14 11:12:51,1.8167495727539062,0,normal
2026-05-14 11:12:52,4.585742950439453,0,normal
2026-05-14 11:12:53,1.6582012176513672,0,normal
2026-05-14 11:12:54,5.045890808105469,0,normal
2026-05-14 11:12:55,1.4348030090332031,0,normal
2026-05-14 11:12:56,3.1728744506835938,0,normal
2026-05-14 11:12:57,2.9234886169433594,0,normal
2026-05-14 11:12:58,1.6276836395263672,0,normal
2026-05-14 11:12:59,2.006053924560547,0,normal
2026-05-14 11:13:00,1.6009807586669922,0,normal
2026-05-14 11:13:01,1.6298294067382812,0,normal
2026-05-14 11:13:02,0.9152889251708984,0,normal
2026-05-14 11:13:03,1.0502338409423828,0,normal
2026-05-14 11:13:04,2.4614334106445312,0,normal
2026-05-14 11:13:05,1.8002986907958984,0,normal
2026-05-14 11:13:06,1.3246536254882812,0,normal
2026-05-14 11:13:07,1.0437965393066406,0,normal
2026-05-14 11:13:08,1.0440349578857422,0,normal
2026-05-14 11:13:09,1.3117790222167969,0,normal
2026-05-14 11:13:10,2.200603485107422,0,normal
2026-05-14 11:13:11,1.6291141510009766,0,normal
2026-05-14 11:13:12,1.0051727294921875,0,normal
2026-05-14 11:13:13,0.9129047393798828,0,normal
2026-05-14 11:13:14,1.6407966613769531,0,normal
2026-05-14 11:13:15,2.7184486389160156,0,normal
2026-05-14 11:13:16,2.4857521057128906,0,normal
2026-05-14 11:13:17,1.3041496276855469,0,normal
2026-05-14 11:13:18,1.674652099609375,0,normal
2026-05-14 11:13:19,3.6203861236572266,0,normal
2026-05-14 11:13:20,2.6252269744873047,0,normal
2026-05-14 11:13:21,1.6651153564453125,0,normal
2026-05-14 11:13:22,1.53350830078125,0,normal
2026-05-14 11:13:23,2.5899410247802734,0,normal
2026-05-14 11:13:24,1.8956661224365234,0,normal
2026-05-14 11:13:25,1.7325878143310547,0,normal
2026-05-14 11:13:26,0.6320476531982422,0,normal
2026-05-14 11:13:27,2.9397010803222656,0,normal
2026-05-14 11:13:28,2.0825862884521484,0,normal
2026-05-14 11:13:29,1.1837482452392578,0,normal
2026-05-14 11:13:30,1.1794567108154297,0,normal
2026-05-14 11:13:31,1.4431476593017578,0,normal
2026-05-14 11:13:32,1.5919208526611328,0,normal
2026-05-14 11:13:33,2.038240432739258,0,normal
2026-05-14 11:13:34,2.4766921997070312,0,normal
2026-05-14 11:13:35,0.8425712585449219,0,normal
2026-05-14 11:13:36,1.346588134765625,0,normal
2026-05-14 11:13:37,1.5463829040527344,0,normal
2026-05-14 11:13:38,3.202676773071289,0,normal
2026-05-14 11:13:39,2.556324005126953,0,normal
2026-05-14 11:13:40,1.535177230834961,0,normal
2026-05-14 11:13:41,0.5993843078613281,0,normal
2026-05-14 11:13:42,0.8356571197509766,0,normal
2026-05-14 11:13:43,1.8038749694824219,0,normal
2026-05-14 11:13:44,1.9869804382324219,0,normal
2026-05-14 11:13:45,1.0731220245361328,0,normal
2026-05-14 11:13:46,2.8994083404541016,0,normal
2026-05-14 11:13:47,3.0105113983154297,0,normal
2026-05-14 11:13:48,1.3527870178222656,0,normal
2026-05-14 11:13:49,2.1615028381347656,0,normal
2026-05-14 11:13:50,1.8382072448730469,0,normal
2026-05-14 11:13:51,2.3648738861083984,0,normal
2026-05-14 11:13:52,2.8994083404541016,0,normal
2026-05-14 11:13:53,1.590728759765625,0,normal
2026-05-14 11:13:54,2.674579620361328,0,normal
2026-05-14 11:13:55,1.895904541015625,0,normal
2026-05-14 11:13:56,1.9259452819824219,0,normal
2026-05-14 11:13:57,2.505779266357422,0,normal
2026-05-14 11:13:58,1.9161701202392578,0,normal
2026-05-14 11:13:59,0.9503364562988281,0,normal
2026-05-14 11:14:00,1.1606216430664062,0,normal
2026-05-14 11:14:02,1.5478134155273438,0,normal
2026-05-14 11:14:03,1.8699169158935547,0,normal
2026-05-14 11:14:04,3.11279296875,0,normal
2026-05-14 11:14:05,1.3468265533447266,0,normal
2026-05-14 11:14:06,1.6939640045166016,0,normal
2026-05-14 11:14:07,1.5521049499511719,0,normal
2026-05-14 11:14:08,3.158092498779297,0,normal
2026-05-14 11:14:09,1.3589859008789062,0,normal
2026-05-14 11:14:10,0.514984130859375,0,normal
2026-05-14 11:14:11,3.4728050231933594,0,normal
2026-05-14 11:14:12,1.4195442199707031,0,normal
2026-05-14 11:14:13,1.1124610900878906,0,normal
2026-05-14 11:14:14,1.851797103881836,0,normal
2026-05-14 11:14:15,1.828908920288086,0,normal
2026-05-14 11:14:16,2.5115013122558594,0,normal
2026-05-14 11:14:17,2.0020008087158203,0,normal
2026-05-14 11:14:18,1.9152164459228516,0,normal
2026-05-14 11:14:19,1.119852066040039,0,normal
2026-05-14 11:14:20,3.147602081298828,0,normal
2026-05-14 11:14:21,2.9993057250976562,0,normal
2026-05-14 11:14:22,2.457857131958008,0,normal
2026-05-14 11:14:23,1.7321109771728516,0,normal
2026-05-14 11:14:24,2.259969711303711,0,normal
2026-05-14 11:14:25,2.3589134216308594,0,normal
2026-05-14 11:14:26,1.3117790222167969,0,normal
2026-05-14 11:14:27,2.8269290924072266,0,normal
2026-05-14 11:14:28,1.1246204376220703,0,normal
2026-05-14 11:14:29,2.1047592163085938,0,normal
2026-05-14 11:14:30,5.142450332641602,0,normal
2026-05-14 11:14:31,1.8596649169921875,0,normal
2026-05-14 11:14:32,2.023458480834961,0,normal
2026-05-14 11:14:33,1.676797866821289,0,normal
2026-05-14 11:14:34,1.4674663543701172,0,normal
2026-05-14 11:14:35,0.7007122039794922,0,normal
2026-05-14 11:14:36,1.1758804321289062,0,normal
2026-05-14 11:14:37,1.8925666809082031,0,normal
2026-05-14 11:14:38,0.8571147918701172,0,normal
2026-05-14 11:14:39,1.7287731170654297,0,normal
2026-05-14 11:14:40,1.291036605834961,0,normal
2026-05-14 11:14:41,2.3529529571533203,0,normal
2026-05-14 11:14:42,2.6366710662841797,0,normal
2026-05-14 11:14:43,2.916574478149414,0,normal
2026-05-14 11:14:44,1.8930435180664062,0,normal
2026-05-14 11:14:45,2.7735233306884766,0,normal
2026-05-14 11:14:46,2.5787353515625,0,normal
2026-05-14 11:14:47,1.0120868682861328,0,normal
2026-05-14 11:14:48,1.912832260131836,0,normal
2026-05-14 11:14:49,0.6225109100341797,0,normal
2026-05-14 11:14:50,2.9387474060058594,0,normal
2026-05-14 11:14:51,3.7202835083007812,0,normal
2026-05-14 11:14:52,2.7840137481689453,0,normal
2026-05-14 11:14:53,1.7037391662597656,0,normal
2026-05-14 11:14:54,2.57110595703125,0,normal
2026-05-14 11:14:55,1.4281272888183594,0,normal
2026-05-14 11:14:56,1.5726089477539062,0,normal
2026-05-14 11:14:57,0.7557868957519531,0,normal
2026-05-14 11:14:58,2.195596694946289,0,normal
2026-05-14 11:14:59,0.6566047668457031,0,normal
2026-05-14 11:15:00,0.8130073547363281,0,normal
2026-05-14 11:15:01,1.6775131225585938,0,normal
2026-05-14 11:15:02,2.2690296173095703,0,normal
2026-05-14 11:15:03,1.9223690032958984,0,normal
2026-05-14 11:15:04,2.4657249450683594,0,normal
2026-05-14 11:15:05,1.9221305847167969,0,normal
2026-05-14 11:15:06,2.2516250610351562,0,normal
2026-05-14 11:15:07,1.6674995422363281,0,normal
2026-05-14 11:15:08,1.148223876953125,0,normal
2026-05-14 11:15:09,2.995014190673828,0,normal
2026-05-14 11:15:10,1.558542251586914,0,normal
2026-05-14 11:15:11,0.6842613220214844,0,normal
2026-05-14 11:15:12,1.354217529296875,0,normal
2026-05-14 11:15:13,3.8721561431884766,0,normal
2026-05-14 11:15:14,1.8093585968017578,0,normal
2026-05-14 11:15:15,0.8287429809570312,0,normal
2026-05-14 11:15:16,2.2864341735839844,0,normal
2026-05-14 11:15:17,0.8203983306884766,0,normal
2026-05-14 11:15:18,0.6361007690429688,0,normal
2026-05-14 11:15:20,2.2170543670654297,0,normal
2026-05-14 11:15:21,0.8473396301269531,0,normal
2026-05-14 11:15:22,0.7841587066650391,0,normal
2026-05-14 11:15:23,0.7941722869873047,0,normal
2026-05-14 11:15:24,0.6020069122314453,0,normal
2026-05-14 11:15:25,0.45943260192871094,0,normal
2026-05-14 11:15:26,0.7040500640869141,0,normal
2026-05-14 11:15:27,1.9593238830566406,0,normal
2026-05-14 11:15:28,0.67901611328125,0,normal
2026-05-14 11:15:29,1.6529560089111328,0,normal
2026-05-14 11:15:30,2.9256343841552734,0,normal
2026-05-14 11:15:31,2.3860931396484375,0,normal
